id,kalimat,sentiment
1,Breaking News: Wakil Ketua OJK Mirza Adityaswara Mundur,NETRAL
2,Simak Ini 4 Poin Penting Hasil RUPST Bank BRI,NETRAL
3,"119 BUMN Cetak Laba 64,2 Triliun, BRI Teratas",POSITIF
4,Bos BEI Beberkan Hasil Diskusi MSCI soal Reformasi Pasar Modal,NETRAL
5,8 Bulan Volume Transaksi AgenBRILink Tembus Rp 855 T,POSITIF
6,"Prospek Emiten EBT Tergolong Cerah pada 2026, Ini Penyebabnya",NETRAL
7,Daftar Pejabat OJK yang Mengundurkan Diri usai Gonjang-ganjing Pasar Saham,NETRAL
8,"Transfer BRI Dinyatakan Sukses, Dana Tak Masuk Rekening Tujuan",NEGATIF
9,"Ajak Satpam Bobol Brankas BRI Senilai Rp 1 Miliar, 1 Keluarga Diciduk",NEGATIF
10,"Rights Issue Beres, PANI Siap Genjot Bisnis di 2026",NETRAL
11,"Video: Buyback Saham, Ini Target Emiten Jasa Tambang DEWA di 2026",NEGATIF
12,Satu Pelaku Penggelapan Uang Bank BRI Berhasil Ditangkap,NEGATIF
13,"Intip Sederet Promo BRI Online Travel Fair 2022, Ada Diskon Flash Sale hingga 50 Persen",POSITIF
14,"Ini Alasan BRI Tebar Dividen Interim Rp 8,63 Triliun",NETRAL
15,"OJK Dalami 32 Kasus Pasar Modal, Targetkan Influencer Saham?",NETRAL
16,Semarak Penyerahan Hadiah Juara Agen BRILink Nasional dan Launching Asuransi Mikro KKM,POSITIF
17,Warga Cigombong Kaget Temukan Kaus Kaki Isi Emas dan Berlian,POSITIF
18,Pria Sukabumi Jadi Raja Hotel Dunia Setelah Terusir dari RI,NEGATIF
19,"IHSG Terkoreksi 0,64%, Cermati Saham Net Buy Terbesar Asing di Akhir Pekan Ini",NETRAL
20,"Lewat BRIMO Future Garuda, BRI Dorong Talenta Muda Timba Ilmu Dari 4 Legenda Sepak Bola Dunia",POSITIF
21,Live Now! Bos BRI Beberkan Strategi Geber Pembiayaan Hijau,POSITIF
22,"Kinerja Positif Berlanjut, Saham BRI Diproyeksi Tembus 6.100",POSITIF
23,"Alami Kebocoran Data, Ini Janji BRI Life ke Pemegang Polis",NEGATIF
24,"Rupiah Masih Tertekan, Yield SBN Naik Jadi Alarm Fiskal Pemerintah",NETRAL
25,"Sukses Bawa UMKM Naik Kelas, BRI Raih Banyak Pencapaian",POSITIF
26,"Dow Jones, S&P 500, Nasdaq Melemah di Tengah Ketidakpastian Timur Tengah",NETRAL
27,"Tabungan Nasabah Terkuras Rp 65 Juta, BRI: Akibat Kejahatan Perbankan",NEGATIF
28,BRI Hadirkan Pembayaran Digital Bagi Pengusaha Migas,POSITIF
29,Ini Lho 3 Kunci Pendorong Pertumbuhan Berkelanjutan BRI,POSITIF
30,Bank BRI Berikan Fasilitas Asuransi Sebagai Wujud Apresiasi kepada Agen BRILink,POSITIF
31,Purbaya Tak Akan Tekan BI Buat Biayai Program Pembangunan,NEGATIF
32,BRI Bagikan 10 Mesin Kapal Baru ke Nelayan di Labuan Bajo,POSITIF
33,"Terusir dari China, Pria Ini jadi Raja Elektronik Kaya Raya",NEGATIF
34,"Natal dan Tahun Baru, BRI Salurkan Bantuan Senilai Rp 3,3 M",POSITIF
35,Fore Kopi (FORE) Suntik Modal ke Anak Usaha Lebih dari Rp 13 Miliar,NETRAL
36,"Kejayaan Raja Ritel RI Runtuh, Jatuh ke Tangan Keluarga Riady",NEGATIF
37,"Luncurkan Tabungan Umrah, BSI Bidik 1 Juta Nasabah Baru",NEGATIF
38,BRI Perkuat Ekosistem Bisnis Berbasis Ekonomi Kerakyatan,POSITIF
39,5 Sahabat Nabi Muhammad SAW yang Paling Kaya sekaligus Dermawan,NEGATIF
40,Kemendag Apresiasi BRI Dukung Pembiayaan Sistem Resi Gudang,POSITIF
41,"IHSG Rawan Melemah Rabu (1/4), Simak Rekomendasi Sahamnya",NETRAL
42,"Sudah Sebulan Lebih, Kartu Kredit Pengganti BRI belum Diterima",NEGATIF
43,Perampok Bersenpi Juga Satroni BRI di Purworejo,NEGATIF
44,BRI Raih Penghargaan Top BUMN Awards 2022,POSITIF
45,"Call Center BRI Palsu di Denpasar, Bank Diminta Ikut Bertanggung Jawab",NEGATIF
46,Luhut Ungkap Isi Pembicaraan dengan MSCI selama 2 Jam,POSITIF
47,"Buntut Kasus Belvin Tannadi, OJK Bidik 32 Influencer Nakal Goreng Saham",POSITIF
48,"Awal 2026, Saham Grup Bakrie BUMI, BRMS dan DEWA Jadi Buruan Asing",NETRAL
49,"BRI Pimpin Porsi Pembiayaan UMKM, Jokowi Minta Bank Lain Jangan Kalah",POSITIF
50,"Port Faster International Kantongi Rp 891,44 Miliar Bekar Jual Saham BNBR",NETRAL
51,Dirut BRI Sunarso Dinobatkan Sebagai Best CEO of The Year,POSITIF
52,"E-Billing Kartu Kredit BRI Infinite Tak Diterima, Nasabah Dirugikan",NEGATIF
53,"UMKM ""Naik Kelas"" Lewat BRI Microfinance Outlook 2023",POSITIF
54,"Purbaya: IHSG Naik Terus, Rupiah Tinggal Tunggu Waktu!",POSITIF
55,Ketidakpastian Ekonomi Pengaruhi Penerapan ESG? Ini Kata BRI,NETRAL
56,OJK Rilis 2 Aturan Baru Bikin Kuat Industri Asuransi dan Dana Pensiun,NETRAL
57,KB Bank (BBKP) Beri PNM Fasilitas Pembiayaan Rp500 Miliar,NETRAL
58,"Begini Modus Teller BRI Tilap Uang Nasabah Rp 2,3 M di Makassar",NEGATIF
59,"Indeks Bisnis-27 Ditutup Rebound Menguat Didorong Laju ADMR, JPFA dan TLKM Cs",NETRAL
60,"Wall Street Dibuka Turun Kamis (12/3), Minyak Dekati US$100 Picu Kekhawatiran Inflasi",NETRAL
61,Komisaris Triputra Agro (TAPG) Borong Saham di Harga Rp 1.490,NETRAL
62,"Kehilangan Uang, Puluhan Nasabah Lapor ke BRI",NEGATIF
63,"Moody’s Pangkas Outlook Kredit Indonesia, Begini Proyeksi Rupiah untuk Senin (9/2)",NETRAL
64,BRI Gali Potensi Ekonomi Wilayah 3T Lewat Pemberdayaan,NETRAL
65,"Purbaya 'Pede' IHSG Segera Rebound, Ketua OJK Definitif Terpilih Dua Pekan Lagi",NETRAL
66,Begini Cara Kerja Pelaku Skimming Nasabah BRI,NEGATIF
67,BRI Gelar Pemberdayaan Ekonomi Sosial Bagi 190 Ribu Mustahik,POSITIF
68,"Segera Digugat Pailit Eks Karyawan, BRI: Kami Sudah Bayar Pesangon",NEGATIF
69,Danantara Terapkan 3 Model Ini Untuk Pangkas BUMN Jadi 300,NEGATIF
70,BRI Luncurkan Layanan Perbankan di Kapal,POSITIF
71,BEI Update Progres Free Float 15% hingga Transparansi Pemegang Saham,NETRAL
72,"Korupsi Rp 29 M di Bank BRI Tamini Square, Kasasi Jaksa Dikabulkan",NEGATIF
73,DPR Respons Ide Bangun BUMN Tekstil Rp100 T: Uang Rakyat - Pasti Mati!,POSITIF
74,"Optimis Fokus di UMKM, BRI Bukukan Laba Fantastis di Semester I",POSITIF
75,"Valas Asia Fluktuatif, Analis Sebut Penguatan Masih Terbatas",NETRAL
76,"Cair Setelah Lebaran, Catat Jadwal Cum Dividen BCA (BBCA) 2026",NETRAL
77,"Video: Rumor Saham IPO 2026, Ada Platform DANA-Vidio!",NETRAL
78,"Pimpin BRI, Sunarso Siap Bikin Fintech",POSITIF
79,"Video: Sinyal Trump Setop Perang Iran, IHSG & Rupiah Kompak Menguat",NETRAL
80,"Harga Minyak Dunia Kembali Mendidih, Begini Prospek Emiten Migas",NETRAL
81,"Luncurkan Kluster Hunian Baru, Simak Rekomendasi Saham Bumi Serpong Damai (BSDE)",NETRAL
82,"BRI Tegaskan KUR Bukan Hibah dan Bukan Bantuan, Harus Dikembalikan",NETRAL
83,Bos BRI Beberkan Kunci Sukses Transformasi Digital & Culture,POSITIF
84,"Trader Misterius Pasang Taruhan Penangkapan Maduro, Cuan Rp6,7 M",POSITIF
85,Aset BRI Tembus Rp 1.619 Triliun di kuartal III 2021,POSITIF
86,Polisi Periksa Satpam Bank BRI Condet,NEGATIF
87,"Pakai Uang Nasabah Rp 1 M, Ini Modus Pegawai BRI di Payakumbuh Sumbar",NEGATIF
88,"Tren Harga Emas yang Kian Cemerlang, Prospek Kinerja BRMS Kian Mentereng",NEGATIF
89,"Kasus 51 Kg Emas Batangan Palsu, BRI Tindak Karyawan Nakal",NEGATIF
90,TOBA Kebut Proyek PLTS di Batam dan Sulap 1 Juta Ton Sampah Jadi Cuan,NETRAL
91,BRI Komitmen Sejahterakan Karyawan Melalui Buyback Saham,POSITIF
92,Dirut BRI: UMKM Jauh Dari Pusat Gempa Ekonomi Global,POSITIF
93,"Catatkan Sejarah UMKM, BRI Resmi Jadi Induk Holding BUMN Ultra Mikro",NETRAL
94,Settlement EDC belum Dibayarkan oleh BRI,NEGATIF
95,"Allo Bank (BBHI) Cetak Laba Rp574 Miliar, Melonjak 23% di 2025",NETRAL
96,Laba Bersih BRI Agro Naik 40 Persen,POSITIF
97,"Wall Street Rebound, Saham Teknologi Pulih tapi Dibayangi Kekhawatiran Belanja AI",NETRAL
98,Harga Aluminium Global Melonjak di Tengah Ketegangan AS–Iran dan Gangguan Pasokan,NETRAL
99,"Resesi Masih Menghantui, BRI Tetap Optimistis Kredit Tumbuh hingga 12%",POSITIF
100,"Direktur Utama BRI Sunarso Beli Saham BBRI Rp 1,3 Miliar",POSITIF
101,"IHSG Ambrol Dekati Level 7.000 Jelang Libur Lebaran, Investor Harus Bagaimana?",NETRAL
102,"IHSG Terkoreksi, Cermati Saham-Saham Net Sell Terbesar Asing pada Kamis (8/1)",NETRAL
103,"Bitcoin Terkoreksi ke US$ 70.000 Usai FOMC, Tertekan Sentimen Suku Bunga Tinggi",NETRAL
104,"Brankas Unit BRI di Pekanbaru Dibobol Maling, Rp 378 Juta Lenyap",NEGATIF
105,Segini Jumlah Tabungan Ideal Ketika Usia 50 Tahun Versi Ahli Keuangan,POSITIF
106,"Asing Banyak Jual Saham BBCA hingga EMTK, Net Sell Capai Rp17,34 Triliun pada 2025",NETRAL
107,Pengamat Pasar Modal Sebut BRI Unggul di Investasi Hijau Berkat Penerapan Prinsip ESG,POSITIF
108,"Sunarso, Person of The Month, Direktur Utama BRI",POSITIF
109,"Video: Inovasi MMIX, Kembangkan Popok Anti-Bocor Hingga Ekspor ke AS",NEGATIF
110,"IHSG Anjlok 1,37% ke 8.951 dalam Sepekan, Cermati Faktor Pemicunya",NETRAL
111,"BRIsat, Momentum Kebangkitan Satelit Indonesia",POSITIF
112,BRI Insurance Terus Berinovasi Tingkatkan Value Perusahaan,POSITIF
113,"Ogah Jual Nama Orang Tua, Anak Pejabat Ini Pilih Hidup Susah",POSITIF
114,Sistem Pembayaran Digital BRI Dipakai Pengusaha SPBU dan Agen LPG 3 Kg,POSITIF
115,"Usai Rapat dengan MSCI, Bos Danantara Blak-Blakan Ungkap Saham Idaman",NEGATIF
116,Saham Emiten Bakrie dan CT Bersinar Saat IHSG Tertekan Sepekan,NETRAL
117,BRI-Majoo Kolaborasi Beri Solusi Digital untuk Merchant di RI,POSITIF
118,"Kinerja UNVR Diproyeksi Solid pada 2026, Cermati Rekomendasi Analis",NETRAL
119,Inilah Isi Selebaran di Lokasi ATM BRI yang Dibakar,NEGATIF
120,"Dorong Pengelolaan Keuangan Cerdas, BNI Hadirkan 'Insight' di wondr",NEGATIF
121,Perampok Bergolok Sikat Uang Rp 7 Juta Milik Nasabah BRI Tambun,NEGATIF
122,Kinerja IDX BUMN20 Tumbuh Positif di Tengah Volatilitas Pasar,NETRAL
123,Simak! Ini Penyebab Laba BRI Melesat 67% Jadi Rp 51 T di 2022,POSITIF
124,"Rekomendasi Saham dan Pergerakan IHSG Hari Ini, Rabu 18 Februari 2026",NETRAL
125,Jurus Jitu Kolaborasi BRI-Polri Ungkap Pelaku Pembuat dan Penyebar APK Palsu,POSITIF
126,Detik-Detik OJK & Polri Geledah Kantor Mirae Asset Sekuritas,NETRAL
127,"Jadi 'Dewa Penolong', BRI Incar Porsi Kredit UMKM 85% di 2024",POSITIF
128,"Cegah Skimming Meluas, BRI Blokir 2.500 ATM Nasabahnya",NEGATIF
129,"Saham Tambang Solid Dorong IHSG Awal 2026, AMMN & BRMS Kontributor Utama",NETRAL
130,Rosan Jabat Ketua Umum Masyarakat Ekonomi Syariah Periode 2026-2031,NEGATIF
131,"ATM BRI Pekanbaru Dibobol Maling, Rp 750 Juta Amblas",NEGATIF
132,"Nasabah BCA, BNI, Mandiri, BTN & BRI Diminta Ubah Kartu ATM ke Chip",NETRAL
133,Dirut BRI: Tidak Benar Ada Virus Corona di Gedung BRI 2,NEGATIF
134,"Belajar dari Skandal LIBOR, BI Pakai INDONIA Jadi Acuan Pasar Uang RI",NETRAL
135,"Strategi Kelola THR Agar Tetap Produktif, Ini Empat Caranya Versi IPOT",NETRAL
136,Pembunuh Karyawati BRI di Medan Divonis Seumur Hidup,NEGATIF
137,"Video: Emas Dominasi Transaksi Bursa Berjangka, Prospeknya Sebesar Ini",NEGATIF
138,Teler BRI Penilep Dana PIP Sudah Diberhentikan,NEGATIF
139,"Bawa Kabur Uang Nasabah Rp 900 Juta, Satpam BRI Ditangkap",NEGATIF
140,BRI Danareksa Sekuritas Tuntaskan Penjaminan Emisi Rp80 Triliun di 2022,POSITIF
141,"Harga Emas Kembali Melejit, Begini Efeknya Bagi Emiten Produsen Emas",NETRAL
142,BRI Gelar UMKM Export Brilian Prenuer 2019,NETRAL
143,"Sentimen Pasar Membaik, Ada Potensi Bitcoin Menuju ke Level US$ 100.000",NETRAL
144,"Ramadhan, BRI Bagikan Paket Sembako Rp 5 M ke Panti Asuhan & Jompo",POSITIF
145,"Lift di Gedung BRI Terjatuh, Dua Orang Luka-luka",NEGATIF
146,"3 Investasi yang Dilakukan Nabi Muhammad, Bisa Jadi Contoh",NEGATIF
147,Polisi Bekuk Pembobol BRI Padang Sidempuan Rp 970 Juta,NEGATIF
148,"Kenaikan IHSG Ditopang Net Buy Jumbo Asing, Cermati Saham yang Banyak Diborong",NETRAL
149,"Transaksi Saham BUMI Tembus Rp 1,73 Triliun, Sahamnya Justru Anjlok",NETRAL
150,"Poundsterling Menguat, Pasar Menanti Data Ekonomi Inggris dan Kelanjutan Greenland",NETRAL
151,"IHSG Menguat 22,13% Sepanjang 2025, Ini Saham Paling Banyak Dibeli Asing",NETRAL
152,"Kinerja Total Bangun Persada (TOTL) Positif pada 2025, Simak Rekomendasi Sahamnya",NETRAL
153,"Gokil! Transaksi Agen BRILink Nyaris Tembus Rp 1,3 Kuadriliun",POSITIF
154,"Perampok Sekap Pegawai dan Nasabah BRI di Ciamis, Uang Rp 126 Juta Raib",NEGATIF
155,"Sukses Implementasikan ESG, BRI Borong 3 Penghargaan",POSITIF
156,"Alarm BRI Bunyi, Kawanan Perampok di Bekasi Gagal Curi Brankas",NEGATIF
157,"IHSG Fluktuatif, Pasar Waran Terstruktur Tetap Tumbuh Subur",NETRAL
158,"Strategi Investasi Direktur Allo Bank, dari Reksadana ke Portofolio Terdiversifikasi",NEGATIF
159,"Seorang Karyawan Reaktif Covid-19, Kantor BRI Masaran Sragen Sempat Ditutup",NEGATIF
160,Purbaya Ramal IHSG Balik 'Hijau' Pekan Depan,POSITIF
161,BSI (BRIS) Siap Rilis Simpanan Emas Akhir Februari 2026,NETRAL
162,"Industri Kripto Indonesia Terus Berkembang, Regulasi Makin Matang",NETRAL
163,Pengguna M-Banking BRI BRImo Tumbuh 66 Persen pada Semester I 2022,POSITIF
164,Fitch Naikan Rating BRI Jadi AAA dengan Outlook Stabil,POSITIF
165,"IHSG Terjun Bebas, Evaluasi MSCI Ancam Status Pasar Indonesia",NETRAL
166,"BRI Jual Sukuk Rp 750 M, Tapi Pesananan Rp 1 T, Laris Manis!",POSITIF
167,"Rupiah Ditutup Menguat pada Akhir Pekan Ini, Begini Kata Pengamat",NETRAL
168,"RMK Energy (RMKE) Buyback Saham Rp 200 Miliar Tanpa RUPS, Ini Tujuan dan Dampaknya",NETRAL
169,Bukopin Apresiasi Bantuan Asistensi yang Diberikan BRI,POSITIF
170,"Pasar Global Dibayangi Geopolitik, Arah Suku Bunga Jadi Kunci",NETRAL
171,Perayaan Hari Pelanggan Nasional Ditutup BANK BRI dengan Parade Simpatik,NETRAL
172,Dana Titipan Pemerintah Di BRI Sudah Disalurkan Pada 716.815 Nasabah,POSITIF
173,"Dapat Dukungan Airlangga, OJK Bakal Bentuk Satgas Reformasi Integritas Pasar Modal",NETRAL
174,2 Tersangka Pembakar ATM BRI Dijerat Pasal Terorisme,NEGATIF
175,"Purbaya: IHSG Masih Bisa To The Moon, Tembus 10.000",NEGATIF
176,Intip Target Saham BCA (BBCA) Terbaru Senin (2/3),NETRAL
177,Rektor UI Ari Kuncoro Mundur dari Wakil Komisaris Utama BRI,NEGATIF
178,BRI Life Serahkan Pembayaran Klaim Nasabah Tutup Usia Rp 1 Miliar,POSITIF
179,"Terbukti Korupsi, Dua Pimpinan BRI Divonis 16 dan 6 tahun",NEGATIF
180,"Mudahkan Masyarakat, BANK BRI Resmikan E-Banking Hybrid Lounge",POSITIF
181,BRI Luncurkan Program Pendidikan & Sertifikasi 1.000 Tenaga Pekerja,POSITIF
182,KPK Periksa Polisi yang Kenalkan Jaksa Seno dengan Petugas BRI,NEGATIF
183,"Mesin EDC BRIlink Rusak, Mohon Percepat Perbaikannya!",NEGATIF
184,Video: 5 Modal Asuransi Life Perkuat Bisnis-Kembangkan Produk Syariah,NEGATIF
185,"10 Tempat Beli Saham untuk Pemula yang Aman, Praktis, dan Mudah",NEGATIF
186,"Dukung UMKM, BRI & Tulola Hadirkan Kawan Nusantara 2022",POSITIF
187,Mobil Tabrak 8 Motor di Area Parkir BRI Madiun Terekam CCTV,NEGATIF
188,"Kinerja Solid, BRI Akan Terus Tebar Dividen 70 Persen dari Laba Bersih",POSITIF
189,Dari Tempat Inilah BRIsat Dikendalikan,NETRAL
190,Kantor BRI Garut Diteror Bom,NEGATIF
191,"Rupiah Menguat Terbatas, Pasar Masih Waspadai Risiko Geopolitik Global",NETRAL
192,BRI Ingatkan Masyarakat Segera Ganti Kartu Terindikasi Skimming,NEGATIF
193,"Ekspansi Grup CUAN Membuka Ruang Pertumbuhan PTRO, Cek Rekomendasi Sahamnya",NETRAL
194,"BRI Kantongi Laba Rp 12,22 Triliun, Tumbuh 78,13 Persen pada Kuartal I 2022",POSITIF
195,Erick Thohir Apresiasi Sinergi BRI-Telkom Tingkatkan Layanan Satelit,POSITIF
196,BRI Kantongi Laba Rp 24 Triliun,POSITIF
197,BritAma FSTVL Jilid 4 Hadirkan Hadiah Ramah Lingkungan,POSITIF
198,"Cermati Rekomendasi Saham Teknikal TOWR, PANI, ANTM untuk Rabu (4/2)",NETRAL
199,"Purbaya Prediksi IHSG Tembus 10.000 pada 2026, Realistis Dicapai?",NETRAL
200,BRI Danareksa Sekuritas Incar Transaksi Brokerage Naik 48% Tahun Ini,POSITIF
201,"Dicuekin, Dicurigai hingga Diancam Dilaporkan, Pionir Agen BRILink di Brebes Ini Pantang Menyerah Demi Meyakinkan Nasabah",NEGATIF
202,"Rahayu Saraswati, Putri Hashim Resmi Genggam 5% Saham Perintis Triniti (TRIN)",NETRAL
203,"Emas 59 Kg Hilang, BRI Dihukum Ganti Uang Nasabah Rp 42 Miliar",NEGATIF
204,BRI Buyback Saham Sebesar Rp 3 Triliun,POSITIF
205,Mantri BRI Cantik Ini Tunjukkan Manisnya Perbankan ke Pedagang Cendol,NETRAL
206,"Beralih ke Syariah, Tak akan Ada Lagi Layanan BRI di Aceh",NEGATIF
207,"Waspada, Penipuan Modus Call Center BRI Palsu Kuras Rekening Nasabah",NEGATIF
208,"Video: Contek Singapura-China, Ini Tujuan RI Bangun Ekosistem Bullion",NETRAL
209,"Berburu Mobil Baru Saat Akhir Pekan, Intip Promonya",POSITIF
210,Direksi Muda Baru di BRI Diharapkan Bisa Jawab Tantangan Neobank,NETRAL
211,"BRI Ungkap Strategi Jadi Hybrid Bank, Seperti Apa?",NETRAL
212,Dahlan Iskan Besuk Pegawai BRI yang Ditahan Terkait Penggelapan Emas,NEGATIF
213,Siasat Pensiun Ala Warren Buffet Agar Tetap Kaya Raya di Hari Tua,NEGATIF
214,Fitch Naikkan Peringkat BRI Jadi AAA dengan Outlook Stabil,POSITIF
215,"BI Sudah Jor-joran, Bunga Kredit Bank Baru Turun Seiprit!",NETRAL
216,"Capai Rekor Tertinggi, Saham BBRI Diprediksi Tembus Rp 6.200",POSITIF
217,BEI dan KSEI Resmi Buka Data Pemegang Saham di Atas 1%,NETRAL
218,Aset BRI Bakal Jadi yang Terbesar Setelah Rights Issue,POSITIF
219,Eks Pimpinan BRI Divonis 3 Tahun Penjara Atas Penggelapan 59 Kg Emas,NEGATIF
220,"Dipecat, Eks Karyawan BRI Tuntut Pesangon",NEGATIF
221,Bos LPS: Bank Syariah Kini Lebih Menarik dari Konvensional,NETRAL
222,"BEI Sebut 8 Perusahaan Masuk Antrean IPO, 5 Aset Skala Besar",NETRAL
223,BRI Siap Ambil Posisi Market Leader ESG Company,POSITIF
224,"Perkuat Kinerja, Bumi Resources (BUMI) Segera Garap Tambang Mineral yang Diakuisisi",NETRAL
225,"IHSG Rebound Jelang Libur Panjang Lebaran, Cermati Saham yang Banyak Diborong Asing",NETRAL
226,"Jayamas Medica Industri (OMED) Targetkan Pendapatan Rp 2,3 Triliun di 2026",NETRAL
227,BRI Incar Volume Transaksi Rp 22 Triliun dari Program Laku Pandai,NETRAL
228,"Cari Pimpinan OJK Baru, Istana Sebut Upaya Percepatan",NETRAL
229,"IHSG Diproyeksi Sideways pada Jumat (13/3), Simak Saham Rekomendasi Analis",NETRAL
230,"BRI Kantongi Laba Rp 24,88 Triliun pada Semester I 2022, Tumbuh 98,38 Persen",POSITIF
231,"RMK Energy (RMKE) Perdana Buyback Saham, Tahap Pertama Beli 2,37 Juta",NETRAL
232,BRI Danareksa Sekuritas Rilis Sistem Online Trading Syariah,POSITIF
233,BRI Agro Raih Top Smart Operation In Banking Industry 2020,POSITIF
234,Purbaya Bocorkan Proses Pansel Ketua OJK Definitif Selesai dalam Dua Pekan,NETRAL
235,Ratusan Nasabah BRI Tertipu Kredit Online di Sulsel,NEGATIF
236,Akuisisi Bahana oleh BRI Segera Rampung,NETRAL
237,"Video: Investasi Jumbo PMI: Bangun Pabrik, Lab & Berdayakan Ribuan SDM",NEGATIF
238,"IHSG Berpeluang Terkoreksi Terbatas pada Senin (19/1), Simak Proyeksi sahamnya",NETRAL
239,"Bank BRI Tebar Dividen Jumbo Rp43,4 T, Simak Jadwalnya!",POSITIF
240,BRI Optimistis Penyaluran Kredit Tumbuh hingga 11 Persen pada Akhir 2022,POSITIF
241,BI Rate Turun Tak Pengaruhi Kinerja BRI,POSITIF
242,Maybank (BNII) Bidik Naik Kelas Jadi Big Bank 2 Tahun Lagi,NEGATIF
243,"Hindari Pungli, Pembayaran SIM, BPKB dan STNK Lewat BRI",POSITIF
244,"Dalam Sehari, 2 ATM BRI di Pekanbaru Disikat Perampok",NEGATIF
245,"BRI Bagi Dividen Rp 26,4 Triliun, Erick Thohir Bilang Begini",NETRAL
246,"2 Pembakar ATM BRI Yogya Dibui 1,5 Tahun",NEGATIF
247,"Kembangkan UMK, BRI Beri Layanan untuk Perseroan Perseorangan",NETRAL
248,BRI Fasilitasi BPKH Sediakan Uang Riyal bagi Jemaah Haji,POSITIF
249,"Kinerja Saham Big Banks Melemah, BBCA Catat Penurunan Terdalam Rabu (21/1)",NETRAL
250,Kemenkop UKM dan BRI Pacu Kebangkitan UMKM Lewat Subsidi Bunga KUR,POSITIF
251,Pandu Sjahrir: Reformasi Bursa RI Jangan Berhenti di Target MSCI,NEGATIF
252,"Curi Uang ATM Rp 1,39 M, Pegawai Kontrak BRI Jadi Tersangka",NEGATIF
253,"Komplotan Pembobol ATM BRI Ditangkap Polisi, Kerugian Capai Ratusan Juta",NEGATIF
254,"Saham Big Banks Kompak Melemah Rabu (4/3), BBNI Catat Penurunan Terdalam",NETRAL
255,"Kantor BRI Garut Diteror Bom, Polisi: Clear dan Aman",NEGATIF
256,"Indeks Dolar AS Makin Perkasa Tembus 100, Valas Asia Makin Tertekan",NETRAL
257,"Cuma Butuh 9 Bulan, Laba BRI Sentuh Rp 39,31 Triliun",POSITIF
258,Penguatan Harga Minyak Dunia Jadi Katalis Positif Emiten Migas,NETRAL
259,Bank BRI Ajak Masyarakat Bangkit di Tengah Pandemi COVID-19,POSITIF
260,"CMRY Kejar Pertumbuhan Kinerja Berkelanjutan, Ini Prospeknya untuk Jangka Panjang",NETRAL
261,"Hari Sumpah Pemuda, BRI Semangati Mahasiswa Lewat Buku",POSITIF
262,"BRI Tebar Dividen Rp 174,23 per Saham, Ini Jadwal Pembagiannya",POSITIF
263,"Harga Emas & Nikel Naik, Pendapatan Antam (ANTM) Diproyeksi Tembus Rp 126 Triliun",NETRAL
264,"Harga Emas Antam Turun Rp 16.000 Jadi Rp 2.488.000 per Gram Hari Ini, Sabtu (3/1)",NETRAL
265,"Ini Barang Bukti Rp 6,7 Miliar yang Dirampok dari BRI Tulang Bawang",NEGATIF
266,Indeks Bisnis-27 Ditutup Melemah Terimpit Saham INCO dan BRPT,NETRAL
267,"Ramai Emiten Ganti Pemegang Saham Pengendali, Begini Catatan Analis",NETRAL
268,Sejumlah Emiten Akan Cum Date Dividen Interim pada Awal Januari 2026,NETRAL
269,"UMKM EXPO(RT) BRILianpreneur 2022 Dinilai Sukses, Mau Bukti?",POSITIF
270,Intip Laju Saham BBRI Sesi I Hari Ini 29 Desember 2022,NETRAL
271,"Bobol Brankas Rp 2,9 Miliar, Kepala Unit BRI Dibui 4 Tahun",NEGATIF
272,"Harga Emas Spot Turun Lebih dari 1% pada Senin (16/2), Investor Profit Taking",NETRAL
273,Jurus BRI Cetak Kinerja Positif hingga Kuartal III 2021,POSITIF
274,"Video: Bersaing Dengan China, Baja Ringan RI Sulit Tembus Pasar ASEAN",NEGATIF
275,7 Aplikasi Trading Emas Terbaik untuk Pemula,NETRAL
276,KUR Online BRI Bantu Pengusaha Konveksi Tingkatkan Skala Usaha,POSITIF
277,"Di Tengah Ketidakpastian, BRI Optimistis Jaga Pertumbuhan",POSITIF
278,"Komitmen Memajukan UMKM, BRI Gelar Bazaar Klaster Mantriku",POSITIF
279,"Sasar Anak Muda, Produsen Taro (AISA) Genjot Penjualan Mie Kremezz",NEGATIF
280,"Pelayaran Nasional (ELPI) Akan Gelar Rights Issue, Terbitkan 2,03 Miliar Saham Baru",NETRAL
281,Begini Pengakuan Pengunggah Struk BRI Berisi Lirik Lagu Ed Sheeran,NEGATIF
282,"Update Terbaru Bursa Saham Asia, Raksasa Chip Taiwan TSMC Jadi Sorotan",NETRAL
283,BRI Beri Penghargaan untuk Mitra dan Unit Kerja Terbaik,POSITIF
284,"Wall Street: S&P 500 dan Dow Jones Naik, Didorong Rilis Kinerja Perusahaan Teknologi",NETRAL
285,"Pasca Pandemi, Sunarso Bawa BRI Semakin Cemerlang",POSITIF
286,BRI Bidik Pertumbuhan Kredit 10% di 2020,POSITIF
287,"BRI Bagi Dividen 85%, Pemegang Saham Dapat Rp 43,5 Triliun",NETRAL
288,Mulai 1 Juli Pembayaran SSB Dilakukan di ATM BRI,NETRAL
289,Jaksa DSW Kenal Pegawai BRI Lewat Perantara 2 Orang Polisi,NEGATIF
290,Bareskrim Polri Terima Laporan Dugaan Kebocoran Data Nasabah BRI Life,NEGATIF
291,"Asing Net Buy Jumbo Rp 1,02 Triliun Saat IHSG Ambruk, Cek Saham yang Diborong",NETRAL
292,"IHSG Terkoreksi Dalam, Investasi Reksadana Saham Dinilai Menarik untuk Jangka Panjang",NETRAL
293,Bank BRI Fasilitasi Pengelolaan Keuangan Lion Air Group,POSITIF
294,"Rupiah Menguat Tipis Usai BI Tahan Suku Bunga, Pasar Cermati Isu Greenland",NETRAL
295,Dana IPO Emiten Masih Mengendap? Investor Perlu Pertimbangkan Soal Ini,NETRAL
296,"BRI Menanam Targetkan Tanam 1,75 Juta Bibit Pohon Produktif",NETRAL
297,BRI Beri Penghargaan Untuk UMKM di BRILianpreneur 2022,POSITIF
298,"Uang Rp 87 Juta di Rekening Lenyap, Nasabah akan Laporkan BRI ke OJK",NEGATIF
299,Kejagung Tetapkan 4 Tersangka Kasus Kredit BRI,NEGATIF
300,"Kantor BRI di Batam Dirampok, Satpam Pingsan Dipukul Balok Kayu",NEGATIF
301,Mandiri Sekuritas Bantu Investor Pahami Potensi Investasi di Tengah Ketidakpastian,NETRAL
302,"Gelar Coworkfest 2017, Coworking Indonesia Gandeng BRI",NETRAL
303,"Manjakan Pemudik, BRI Sediakan Posko Mudik Asyik Bersama BUMN",POSITIF
304,"Anggota TNI Mendadak Tajir, Duit Rp5.000 Berubah Jadi Rp50 Miliar",POSITIF
305,"5 Ciri Utama Golongan Warga Kelas Bawah, Ada di Kamu?",NEGATIF
306,Pelapor Kasus: Dahlan Iskan Tak Pantas Bilang Tersangka BRI Tak Bersalah,NEGATIF
307,"IHSG Berpeluang Konsolidasi Menguat pada Senin (23/2), Ini Kata Analis",NETRAL
308,Sinar Mas Agro (SMAR) Siapkan Rp 220 Miliar untuk Pelunasan Obligasi Jatuh Tempo,NETRAL
309,"Ultah ke-123, BRI Bagikan Doorprize Senilai Rp 2 M di BRIFFEST 2018",POSITIF
310,Surge (WIFI) dan Pos Properti Kolaborasi Percepat Pemerataan Infrastruktur Digital,NETRAL
311,"Politikus PDIP-Hanura Jadi Komisaris BRI, Istana Tepis Bagi-bagi Jabatan",NEGATIF
312,"Investor Global Wait and See, Mulai Masuk Net Buy Rp654,83 Miliar",NETRAL
313,Daftar Terbaru Nama 28 Bank Perekonomian Rakyat di RI Tutup & Bangkrut,NETRAL
314,Ini Respons Bos Bank BUMN Soal Target RoA 7% dari Prabowo,POSITIF
315,"Sinyal Dividen Jumbo Bluechips, Mampukah Jadi Magnet Investor Asing?",NETRAL
316,Surge (WIFI) Manfaatkan 5.000 Aset Pos Indonesia Percepat Ekspansi Internet Murah,NETRAL
317,"Dukung Ketahanan Pangan, BRI Hadir Bantu Petani Jeruk di Malang",POSITIF
318,Detik-detik Proses Evakuasi Lift Jatuh di Gedung BRI II,NEGATIF
319,BRI Life Investigasi Dugaan Kebocoran Data Nasabah,NEGATIF
320,"Dirut BRI Sunarso: Cari Pinjaman Rp 5 Juta, Banyak Pengusaha Mikro Lari ke Rentenir",NEGATIF
321,Bareskrim Selidiki Dugaan Kebocoran Data 2 Juta Nasabah BRI Life,NEGATIF
322,Bos Danantara Ungkap Valuasi Saham Telkom Tembus Ratusan Triliun,NEGATIF
323,"Sukseskan Ekonomi Biru, BRI Jalin Kerja Sama dengan KKP",POSITIF
324,"Video: Usai Venezuela, Trump Mau Kuasai Greenland, Apa Tujuannya?",NETRAL
325,Dirut BRI Sunarso: Dana Mengendap di Perbankan Capai Rp 1.200 Triliun karena Kredit Lesu,NEGATIF
326,"Saham Big Banks Kompak Melemah, BBCA Pimpin Penurunan pada Penutupan Jumat (27/2)",NETRAL
327,"Saham Produsen Toilet Tiba-Tiba Melonjak, Ternyata Gegara AI",NEGATIF
328,"Wow! BRI Cetak Laba Rp 51,4 Triliun, Melesat 67% Pada 2022",POSITIF
329,Polisi: Insiden Lift Gedung BRI II Masih Dalam Penyelidikan,NEGATIF
330,"Ditopang UMKM Laba BRI Tembus Rp 32,4 Triliun",POSITIF
331,Ini Sektor Saham yang Berpotensi Diuntungkan Saat Imlek dan Ramadan,NEGATIF
332,Top! BRI Catatkan Sejumlah Aksi Korporasi Penting,POSITIF
333,Korsleting Genset Picu Kebakaran Kantor Bank BRI di Medan,NEGATIF
334,BANK BRI Siapkan Banyak Hadiah Menarik Lewat Program Redeem BRI Point,POSITIF
335,Penggelapan 59 Kg Emas Seret Nama 3 Pejabat BRI,NEGATIF
336,Polisi Segera Sebar Sketsa Perampok BRI RS Sardjito Yogyakarta,NEGATIF
337,Proses Reversal Transaksi Debit BRI Mengecewakan,NEGATIF
338,"Terdampak Covid-19, Restrukturisasi 125 Ribu Debitur KUR Disetujui BRI",POSITIF
339,"Dugaan Data Bocor, Kominfo Sudah Panggil Direksi BRI Life",NEGATIF
340,"Virtual Coaching, Cara BRI Bina Pelaku UMKM Saat Pandemi Covid-19",POSITIF
341,Lift di Gedung BRI Tower Jatuh dari Lantai Tiga,NEGATIF
342,Riset BRIN Catat 99% Nasabah Puas dengan Layanan KUR BRI,POSITIF
343,"Geledah Kantor Pusat DSI 16 Jam, Bareskrim Polri Sita Barang Bukti Ini",NETRAL
344,"Rupiah Jisdor Melemah 0,21% ke Rp 16.934 per Dolar AS pada Jumat (13/3/2026)",NETRAL
345,"Di Ajang BRImo Future Garuda, BRI Serahkan Bantuan Pendidikan Bagi 50 Anak Sepak Bola Berbakat",POSITIF
346,"BRI, Mandiri dan BNI Dipilih Salurkan 76,9 Triliun Tunjangan Profesi Guru",POSITIF
347,Satpam BRI Bobol Brankas dan Kuras Rp 1 Miliar Lebih,NEGATIF
348,"Maintenance System, Akses BRImo Normal Pukul 12.00 WIB",NETRAL
349,"Di Bawah Danantara, Saham BUMN Dinilai Menarik lewat Valuasi dan Yield Dividen",NETRAL
350,Simak Prospek Saham yang Kena Rebalancing MSCI Indonesia Periode Maret 2026,NETRAL
351,BRI Imbau Nasabah Waspadai Penipuan Link Undangan Nikah Digital,NETRAL
352,"Fokus Penyelamatan UMKM, Bisnis BRI Tetap Tumbuh di Tengah Pandemi",POSITIF
353,Perampok Berpistol Todong Teller Bank BRI di Tangerang,NEGATIF
354,"Saham Folago (IRSX) Melejit Sentuh ARA Terpantik Rencana Rights Issue Rp3,71 Triliun",NETRAL
355,Satelit BRIsat Berikan Keuntungan Besar dalam Layanan Perbankan,POSITIF
356,Pohon di Depan BRI Jalan Sudirman Tumbang,NEGATIF
357,"Jadi Komisaris BRI, Gus Ipul Tetap Lirik Gubernur Jatim",NETRAL
358,"Perampok BRI Itu Ternyata Sedang Galau, Belajar Rakit Bom di Youtube",NEGATIF
359,"Saham BBRI Sentuh Posisi Tertinggi Rp 4.860, Transaksi Rp 1,6 Triliun",POSITIF
360,BRI Kembali Luncurkan Aplikasi Jalur Mudik,POSITIF
361,Polisi Tangkap 8 Anggota Geng Motor Pembunuh Satpam BRI Syariah,NEGATIF
362,"Austindo Nusantara Jaya (ANJT) Beri Penjelasan ke Bursa Soal Kredit Rp 4,84 Triliun",NETRAL
363,BRI Dinobatkan Jadi Best of The Best BUMN oleh Markplus.INC,POSITIF
364,Liburan di Singapura Makin Seru Dengan Budget Hemat Bersama Kartu BRI Mastercard,POSITIF
365,Video: Racikan Investasi MI Prospek Cuan Hadapi Efek Perang Iran Vs AS,NEGATIF
366,"BRI Tebar Dividen Interim Rp 8,63 Triliun, Cek Jadwalnya!",NETRAL
367,"Kasus Kredit Macet, Kejaksaan Tahan Stafsus BRI",NEGATIF
368,"Gara-gara Tak Dipasok Listrik, BRI Terpaksa Offline",NEGATIF
369,"Perluas Basis Konsumen, Indodax Jalin Kerjasama dengan KFC Indonesia",NETRAL
370,BRI Cianjur Bertanggung Jawab Atas Laporan Nasabah Korban Skimming,POSITIF
371,Menguji Tuah 8 Reformasi Pasar Modal OJK Memulihkan Kepercayaan Investor,NETRAL
372,"Laba Astra Otoparts (AUTO) Naik 17,6%, Maybank Pasang Jadi Top Pick Sektor Otomotif",NEGATIF
373,Kartu Perpanjangan Kartu Kredit BRI belum Diterima,NEGATIF
374,BRI Raih Penghargaan Sebagai The Best Bank in Digital Service,POSITIF
375,"Daftar 10 Buku Rekomendasi Warren Buffet, Investor Wajib Baca",NEGATIF
376,"BRI Makassar Gagalkan Skimming, Pelaku Ambil Langkah Seribu",NEGATIF
377,"Harga Kripto Berfluktuasi, Prospek Industri Kripto di Indonesia Tetap Kuat",NETRAL
378,"Duit Warga RI Dimaling Rp 9,1 Triliun, Setiap Hari 1.000 Orang Teriak",POSITIF
379,PAN: Jangan Sampai Penunjukan Politikus di BRI Lunturkan Kepercayaan Rakyat,NEGATIF
380,"MBG Jadi Katalis Pendorong Kinerja Japfa (JPFA), Cek Rekomendasi Sahamnya",NETRAL
381,Korlantas & BRI Bagikan 1000 Paket Sembako ke Tukang Becak di Kemayoran,POSITIF
382,"Produksi Diprediksi Tumbuh, Begini Rekomendasi Saham MDKA, MBMA, dan EMAS",NETRAL
383,"BRI: Karyawan Huawei yang Dikabarkan Kena Corona, Sakit Radang Tenggorokan",NETRAL
384,"Penjualan ORI029 Terserap 57,9%, Minat Investor Ritel SBN Lesu",NETRAL
385,Deretan Prestasi di Sektor Digital Banking yang Diraih BRI sepanjang 2021,POSITIF
386,"Punya Konsep Terbaik, Begini Cara BRI Kembangkan SDM",POSITIF
387,"Pandemi, Aset BRI Tetap Tumbuh 7,73 Persen di Semester I-2020",POSITIF
388,"Konflik AS-Iran Picu Risk-Off, Analis Sarankan Cermati Saham-Saham Ini",NETRAL
389,"Lagi, BRI Raih 2 Penghargaan Internasional untuk Inovasi Layanan Nasabah di Ajang Asia Trailblazer Awards 2023",POSITIF
390,Adi Sarana Armada (ASSA) Tambah Modal Rp 54 Miliar ke Adi Sarana Properti,NETRAL
391,"Pria Miskin Balas Dendam Jadi Raja Laut, Punya Emas Rp 2 Triliun",POSITIF
392,AS Nomor 2! Ternyata RI Paling Banyak Ngutang ke Negara Ini,NETRAL
393,"Sentuh Grassroot, Kredit Mikro BRI Tembus Rp 551,26 T",POSITIF
394,"Kapitalisasi Pasar Saham BRI Sentuh Rp 639,58 Triliun, Terbesar Sepanjang Sejarah",POSITIF
395,Awas! Ekonom Ungkap 4 Risiko yang Bisa Guncang Ekonomi RI,POSITIF
396,"Singgung Kapitalisasi Pasar Saham, Rosan: Harus Murni dari Pembentukan Harga Pasar",NEGATIF
397,"Warga Mojokerto Tertipu Orang Ngaku Karyawan BRI, Rp 65 juta raib",NEGATIF
398,Danantara Siap Jadi Peserta Aktif di Bursa Saham RI,NEGATIF
399,"Kebakaran di Gedung Sentra BRI Padam, Penyebab Korsleting Listrik",NEGATIF
400,Pembunuh Karyawan BRI Syariah Medan Desertir Polisi dan Istrinya,NEGATIF
401,"Gandeng Narasi-Kitabisa.com, BRI Salurkan Donasi Rp 350 Juta ke UMKM",POSITIF
402,"Wacana Pembatasan Ritel Modern Tak Goyahkan Prospek AMRT, Cek Rekomendasinya",NETRAL
403,"5 Perusahaan RI Diakuisisi Singapura, Ini Namanya",NEGATIF
404,Pembuat Iklan KPR BRI Bayar ke Gedung Joang,NEGATIF
405,"Kredit Tumbuh 11,2 Persen, NPL BRI Terjaga Di Level 2,46 Persen",POSITIF
406,BRI Beberkan 4 Skema Relaksasi Bagi UMKM Terdampak Covid-19,POSITIF
407,Klaim Pendebetan BRI Belum Ada Solusi,NEGATIF
408,BRI Yakin Alipay Dapat Izin Operasi di Indonesia Tahun Ini,POSITIF
409,"Rekomendasi Saham dan Pergerakan IHSG Hari Ini, Senin 23 Februari 2026",NETRAL
410,"Ada Rencana Pengurangan Produksi, Harga Nikel Diproyeksi Terus Meningkat",NETRAL
411,Jangan Asal Klik! Simak Imbauan Polri dan BRI Agar Terhindar dari Penipuan Online,NEGATIF
412,"Wow, 2 Talent BRI Eksis di UN World Innovation Day Hack 2022",POSITIF
413,"Intip Usaha Ketiga Pemenang Pengusaha Muda BRILiaN 2020, Apa Saja?",NETRAL
414,Mantap! Kinerja Impresif BRI Diperkirakan Berlanjut di 2023,POSITIF
415,"Dear UMKM, Ini Syarat dan Ketentuan Ajukan KUR BRI 2023",NETRAL
416,BEI Disarankan Buka Data 20 Pemegang Saham Terbesar di tiap Emiten,NETRAL
417,"Yuk, Intip Potensi UMKM di BRI Microfinance Outlook 2023",NETRAL
418,Terdakwa Dugaan Korupsi BRI Dijemput Paksa dari RS ke Pengadilan Tipikor,NEGATIF
419,BRI Jadi Bank Teraktif dalam Meningkatkan Literasi Keuangan,POSITIF
420,"Hadirkan Fitur e-SBN, Investasi Makin Mudah Pakai BRImo",POSITIF
421,"BRI Offline, Nasabah Repot",NEGATIF
422,"Kapal Express Bahari Terbakar, 7 Brankas BRI dan Senjata Polisi Ikut Raib",NEGATIF
423,"Indeks Bisnis-27 Ditutup Melemah, Saham MEDC hingga BUMI ke Zona Merah",NETRAL
424,"Saham Big Banks: BMRI Menguat, BBCA, BBRI, dan BBNI Melemah Kamis (26/2)",NETRAL
425,"Trimitra Trans (BLOG) Raup Pendapatan Rp1,33 Triliun pada 2025, Laba Bersih Naik 29%",NETRAL
426,"Top, Saham BBRI Sentuh Rekor Tertinggi di 5.000-an",POSITIF
427,Banjir Barang Ilegal dari China Bikin Kredit Macet UMKM Makin Buruk,POSITIF
428,BRI Sabet Penghargaan Internasional Best Priority Banking,POSITIF
429,Kala Kejayaan Raja Ritel RI Runtuh Jatuh ke Tangan Keluarga Riady,NEGATIF
430,BRI Menanam Diproyeksi Serap 108 Ribu Ton CO2,POSITIF
431,Polres Medan Tahan Oknum Polisi Penembak Office Boy BRI di Medan,NEGATIF
432,Optimalisasi Aset dan Layanan Kompleks Jadi Kunci Prospek Bundamedik (BMHS),NETRAL
433,"Lewat Manajer Investasi, Ini Anggaran Danantara Untuk Suntik Dana ke Pasar Modal",NETRAL
434,Huawei Jelaskan Karyawan dari China di Gedung BRI 2 Diduga Kena Corona,NEGATIF
435,"Harga Logam Mulia Menguat di Awal 2026, Didukung Spekulasi Pemangkasan Suku Bunga",NETRAL
436,Laba Bersih BRI Agro Tumbuh 160 Persen,POSITIF
437,"Pemerintah Norwegia jadi Pemegang Saham 21 Emiten RI dari AKRA, CTRA, hingga WIFI",NETRAL
438,Kejagung Tangkap Buronan Interpol Pembobol BRI Senilai Rp 249 M,NEGATIF
439,Pelaku Pembakaran ATM BRI Bisa Dijerat UU Terorisme,NEGATIF
440,BBRI Jadi Saham Big Cap Keuangan Terbaik 2022,POSITIF
441,Inovasi Layanan Nasabah BRI Raih Penghargaan Internasional,POSITIF
442,Analis Ungkap Biang Kerok IHSG Kian Melorot Dekati Level 7.000,NETRAL
443,Bank BRI dan Kemenpar Gelar Pesona Mudik 2018 Bareng Para Artis,POSITIF
444,"BRI Bagi Dividen Jumbo, Segini Porsi Pemerintah RI",POSITIF
445,Mantan Karyawan Vendor ini Bobol Mesin ATM BRI di Pemalang,NEGATIF
446,"Ikut Anjuran Nabi, Pria Amerika Jadi Kaya Raya Berharta Rp 208 Triliun",NEGATIF
447,"Lokomotif Pertumbuhan Ekonomi RI 2026: Fiskal, Moneter dan Danantara",NEGATIF
448,6 Proyek Hilirisasi Danantara Rp 110 T Ciptakan 3.000 Lapangan Kerja,NEGATIF
449,Polisi Bentuk Tim Khusus Usut Perampokan ATM BRI di Bekasi,NEGATIF
450,BRI Agro Gandeng Capital Life Indonesia Pasarkan Asuransi Proteksi,NETRAL
451,Video: Nasib Bisnis Sewa Properti BUMN Hadapi Gejolak 2026,NEGATIF
452,BRI Kembali Gelar Program Desa BRILian Batch III 2022,NETRAL
453,Pembobol BRI Divonis 15 Tahun,NEGATIF
454,Bisnis Wealth Management BRI Melesat di Tengah Pandemi,POSITIF
455,"Rating CSA Melesat di 2022, Penerapan ESG BRI Terus Meningkat",POSITIF
456,"Mundur dari Ketua OJK, Ini Perjalanan Panjang Karir Mahendra Siregar",NETRAL
457,"Lima Orang Ini Kuasai Batu Bara RI, Duit Tak Berseri",NETRAL
458,BRI Tawarkan Obligasi Berwawasan Lingkungan Rp 5 Triliun untuk Tahap I 2022,NETRAL
459,"Jadikan Ibu Kota Baru Hijau, BRI Tanam Pohon Langka Borneo",POSITIF
460,Ini Isi Bom Palsu Perampok Kantor BRI RSUP dr Sardjito Yogya,NEGATIF
461,"Perkuat Ekonomi Riil, BRI Fokus Transformasi Digital",POSITIF
462,"Market Leader ESG, Kredit Berkelanjutan BRI Tembus Rp 694,9 T",POSITIF
463,Ini Penjelasan BRI Life Surabaya Saat Shakila Diculik,NEGATIF
464,"Diduga Tilep Rp 700 juta, Teller BRI Masuk Bui",NEGATIF
465,"Siapkan 6 Strategi Bisnis 2026, Begini Rekomendasi Saham MPX Logistics (MPXL)",NETRAL
466,"Ritel ""Getol"" Trading, Mandiri Sekuritas Incar 2 Juta Investor di 2026",NEGATIF
467,Pencuri Gasak ATM BRI di Medan,NEGATIF
468,"Uang Nasabah Hilang Misterius, Ini Kata BRI",NEGATIF
469,"Kinerja Moncer, Agen BRILink Raup Fee Based Income Rp 702,7 M",POSITIF
470,"IHSG Cetak Rekor 9.000 di Era Prabowo, Analis Bilang Begini",NEGATIF
471,"Hilangkan 59 Kg Emas, Eksepsi Pegawai BRI Ditolak Jaksa",NEGATIF
472,"IHSG Berpotensi Pullback pada Rabu (21/1), Ini Kata Analis",NETRAL
473,"Jutaan Data Nasabah BRI Diduga Bocor, Kemenkominfo Lakukan Investigasi",NEGATIF
474,"Asing Net Buy Jumbo Rp 1,99 Triliun, Cek Saham yang Banyak Diborong, Selasa (13/1)",NETRAL
475,"Harga Aluminium Melesat, Begini Efeknya Bagi Emiten Sektor Tersebut",NETRAL
476,"ART Pakai Gaji untuk Beli Saham, Hasilnya Bikin Geleng-Geleng",NEGATIF
477,"Hari Ini THR Dividen BRI Cair, Nilainya Bikin Senyum",POSITIF
478,"Kejagung Tetapkan Samin Tan Tersangka, Ini Kasus yang Menjeratnya",NETRAL
479,"Mau Pangkas 1.043 BUMN Jadi 300, Danantara Pastikan Tanpa PHK",POSITIF
480,"Pertama di Indonesia, BRI Raih ISO/IEC/IEEE 29119:2022",POSITIF
481,FWD Group Suntik Modal ke BRI Life,POSITIF
482,"Catat Realisasi Tertinggi, BRI Telah Salurkan 50% KUR Perumahan",NEGATIF
483,Polri Gaet BRI Gagas Program Keselamatan Pengemudi Terdampak Covid-19,POSITIF
484,Pembobol BRI Senen Dituntut 20 Tahun Penjara,NEGATIF
485,"IHSG Masih Bisa Kembali Turun ke Bawah Level 7.000, Ini Saran Analis",NETRAL
486,"Cetak Insan Unggul, BRILiaN Future Leader Program Dibuka",NETRAL
487,Raibnya Uang Rp 87 Juta di Rekening Nasabah BRI yang Masih Misterius,NEGATIF
488,Isi Pulsa dengan Mobile BRI Makin Banyak Untungnya!,POSITIF
489,"KIOS WARGA, Sinergi Taspen dan BRI Tingkatkan Kesejahteraan ASN",POSITIF
490,Profesor Harvard Ungkap Peran BRI Jadi Bank yang Kuat di UMKM,POSITIF
491,KUR BRI Menjangkau Pengusaha UMKM di Perbatasan,POSITIF
492,"Musim Dingin Dongkrak Harga Gas Alam, Batubara Masih Bergerak Terbatas",NETRAL
493,"Khusus Nasabah BRI, Mudik Lebih Mudah dengan Aplikasi Jalur Mudik",POSITIF
494,"VIDEO: BRImo Colorful Run 2022, 5.000 Pelari Ikut Berpartisipasi",NETRAL
495,Target Harga Terbaru dan Ramalan Kinerja Medco Energi (MEDC),NETRAL
496,Mau Punya Indomaret Sendiri? Siapkan Duit Segini Buat Modal,NETRAL
497,Entitas Anak Usaha SSIA Genjot Penjualan Sisa Lahan Industri 10 Ha,NETRAL
498,OJK: Tingkat Pemenuhan Data Investor Jadi 28 Klasifikasi Capai 82%,NEGATIF
499,"IHSG Masih Sideways Melemah, Analis Soroti Peluang di Sektor Komoditas",NETRAL
500,"Kisah Stanley Druckenmiller, Investor Kaya Penakluk Bank of England",NEGATIF
501,"Jadi Lead Financial Advisory, BRI Danareksa Sekuritas Bukukan Transaksi Rp 100 Triliun Sepanjang 2022",POSITIF
502,"Lompatan Saham Konglomerat Prajogo, Aguan Cs Dalam Sepekan Usai Bertemu Prabowo",NETRAL
503,"Wall Street Dibuka Memerah Senin (2/3), Pasar Cemas Konflik Timur Tengah Berlarut",NETRAL
504,"Mudahkan Investasi, BRI Hadirkan Fitur Pembelian SBN di BRImo",POSITIF
505,UMKM Terpilih Brilianpreneur 2022 Bakal Mejeng di G20,POSITIF
506,Misteri 57 Ton Emas Soekarno di Bank Swiss Akhirnya Terungkap,POSITIF
507,"Sentimen Risk-On Dorong Rupiah Menguat, Ini Proyeksi Pekan Depan",NETRAL
508,"IHSG Berpeluang Menguat Terbatas Rabu (11/2/2026), Simak Rekomendasi Saham Berikut",NETRAL
509,"Dukung Digitalisasi Keuangan Daerah, BRI Kini Terkoneksi SIPD",POSITIF
510,"Cek Rekomendasi Teknikal Saham JSMR, CPIN, ASII untuk Jumat (6/2)",NETRAL
511,"BRI Syariah Cipulir Dirampok, 1 Nyawa Melayang",NEGATIF
512,Trisula Textile (BELL) Ungkap Penyebab Harga Sahamnya Melonjak Ratusan Persen,NETRAL
513,"Profil Awan Nurmawan Nuh, Irjen Kemenkeu yang Diangkat Jadi Komisaris BRI",NETRAL
514,BRI Sediakan Layanan Penukaran Uang di 391 Kantor Cabang,NETRAL
515,"Video: Harga Emas Meroket, Nasabah BSI Naik & Transaksi Tembus 1 Juta",NETRAL
516,BRI Investigasi Dugaan Karyawan Huawei yang Terjangkit Virus Corona di Gedung BRI 2,NEGATIF
517,Jurus BRI Genjot Laba Usai Caplok PNM dan Pegadaian,POSITIF
518,"Peduli Lingkungan, BRI Benahi Ekosistem di Gunung Semeru",POSITIF
519,"IHSG Sesi II Ditutup Melemah 0,37%, Turun ke Level 7.362",NETRAL
520,Isu Independensi Bank Indonesia dan Risiko APBN Bikin Rupiah Masih Rapuh,NETRAL
521,BRI Pertahankan Gelar Bank Terbaik 2015 Versi The Bankers,POSITIF
522,"Teller BRI di Makassar Gelapkan Uang Nasabah Hingga Rp 2,3 Miliar",NEGATIF
523,Ini Dia Modus Jaksa DSW Saat Memeras Pegawai BRI,NEGATIF
524,"Harga Emas Spot Anjlok Lebih dari 4%, Tren Penurunan Masih Akan Berlanjut",NETRAL
525,"Manjakan ASN dan Pensiunan ke Karier Kedua, Ini Kolaborasi BRI-Taspen",POSITIF
526,OJK Denda Dana Mitra Kencana Cs Usai Manipulasi Saham IMPC Rp92 Miliar,NETRAL
527,Nusron Wahid Cabut HGU Raksasa Gula Lampung di Tanah Kemhan,NETRAL
528,BRI Tingkatkan Keamanan Dana Nasabah,POSITIF
529,"OJK Lantik 13 Pejabat Baru, Ini Daftar Lengkapnya",NEGATIF
530,"Warga RI Jadi Korban Scam Makin Banyak, OJK Gandeng Bareskrim Polri",NETRAL
531,Purbaya soal Wacana Demutualisasi BEI: Bereskan Dulu 'Tukang Goreng' Saham,NETRAL
532,Wall Street Menghijau Rabu (28/1): S&P 500 Tembus Level 7.000 untuk Pertama Kalinya,NETRAL
533,"Indeks Bisnis-27 Ditutup Menguat Terdorong Saham ADMR, MYOR, INCO & BUMI",NETRAL
534,"Insan BRILian Galang Dana hingga Rp 1,5 M buat Perangi Covid-19",POSITIF
535,Bupati Banyuwangi dan Dirut BRI Kolaborasi Garap Startup Pertanian,POSITIF
536,Pasar Pembiayaan Segmen Unbankable Bakal Luas Berkat Rights Issue BRI,POSITIF
537,Investasi Ini Diramal Cuan di Tahun Kuda Api,NETRAL
538,"Kepala BRI di Pematangsiantar Bobol Dana Rp 2,9 M dari Brankas",NEGATIF
539,"5 Ciri Utama Golongan Warga Kelas Bawah, Ada di Kamu?",NEGATIF
540,"Gokil! Setoran BRI ke Negara Capai Rp 136,5 T Selama 5 Tahun",POSITIF
541,"Kembangkan UMKM , BRI Luncurkan BRIncubator",POSITIF
542,"Altcoin Bergerak Selektif, Pasar Tunggu Arah Jelas Bitcoin dan Sentimen AI",NETRAL
543,"BBCA dan BRPT Tertatas, Simak Saham Net Sell Terbesar Asing, Selasa (20/1)",NETRAL
544,"Jokowi Desak Persyaratan KUR Dipermudah, BRI Beri Jawaban",NETRAL
545,"Saham Emiten Grup Astra ASII, UNTR, AALI Rebound Sesi I Perdagangan Kamis (22/1)",NETRAL
546,BRI Targetkan Migrasi Kartu Chip Rampung Tahun Depan,NETRAL
547,"IHSG Ambles 4 Hari Berturut-turut, Cek Saham Net Sell Terbesar Asing di Awal Pekan",NETRAL
548,"Optimis Hadapi 2023, BRI Makin Gencar Ekspansi",POSITIF
549,Mantap! Bos BRI Sabet Leadership Excellence Award 2022,POSITIF
550,"Pasar Properti Tumbuh, Sinar Mas Land Bidik Prapenjualan Rp10 T",NETRAL
551,"Menanti Rapat FOMC, Begini Proyeksi Rupiah Rabu (28/1)",NETRAL
552,"Fluktuasi Pasar Masih Tinggi, OJK Lanjutkan Kebijakan Buyback Tanpa RUPS",NETRAL
553,"S&P Global Beri Peringatan Risiko Kredit Indonesia, Cek Dampaknya ke IHSG",NETRAL
554,Pengamanan BRI Cabang Amplas tidak Sesuai Prosedur,NEGATIF
555,"Free Float Naik ke 15%, OJK Andalkan Investor Institusional Domestik",NETRAL
556,"Kena Dampak Covid-19, Petani Diberdayakan BRI Lewat TaniGroup",NETRAL
557,"7.000 Orang Ikut Mudik Bersama BRI, di Antaranya TKI Arab hingga Korsel",POSITIF
558,Perempuan Ini Acungkan Belati di Kantor Teras BRI Sukabumi,NEGATIF
559,"IHSG Melaju Pelan, Investor Wait and See Tunggu Tuah Reformasi OJK-BEI",NETRAL
560,"Hilangkan Emas 59 Kg, Dua Pegawai BRI Terancam 15 Tahun Penjara",NEGATIF
561,"Pengguna BRImo Capai 11,7 Juta Orang hingga Juli 2021",POSITIF
562,"Isu Saham Gorengan Jadi Sorotan, Ini Risikonya dan Cara Mengantisipasi",NETRAL
563,Simak Prospek SGRO Usai Berganti Nama Jadi Prime Agri Resources Pasca Akuisisi,NETRAL
564,Transaksi E-Commerce Lebih Nyaman dan Aman dengan Kartu Kredit BRI,POSITIF
565,Sstt...Bos BRI Kasih Proyeksi Soal Laba dan Dividen Jumbo,POSITIF
566,"BRI Akselerasi Pelaku Usaha UMKM Muda, Lewat Pengusaha Muda Brilian",POSITIF
567,BRI Beri Apresiasi ke Desa Penggerak Ekonomi,NETRAL
568,BRI Raih Penghargaan Sebagai BUMN yang Inklusif Terhadap TKPD,POSITIF
569,"IHSG Ambruk 3,05% ke 7.137, Cermati Saham Net Sell Terbesar Asing di Akhir Pekan",NETRAL
570,"Korban Warga Bogor, Sedang Ikut Pelatihan BRI",NETRAL
571,"Tilap Rp 2,3 Miliar, Rika Teller BRI Baru Kembalikan Rp 200 Juta",NEGATIF
572,"Sah! Warren Buffett Resmi Lengser, 60 Tahun Cuan 6 Juta Persen",NETRAL
573,"Pemerintah Tata Pasar Modal RI, Praktik Saham Gorengan Bakal Disikat",POSITIF
574,"Rights Issue, BRI Sudah Raih Dana Rp 41 Triliun dari Publik",POSITIF
575,BRI Cetak Sejarah Rights Issue Terbesar di Asia Tenggara,POSITIF
576,9 Mobil Damkar Padamkan Kebakaran di Basement Gedung BRI II,NEGATIF
577,"51 Kg Emas Batangan Palsu, BRI Kebobolan Rp 15 Miliar",NEGATIF
578,BRI Siap Salurkan KUR Rp 12 Triliun di Maret 2023,NETRAL
579,Ini Alasan Mirae Asset Sekuritas Belum Revisi Target IHSG di Level 10.500,NETRAL
580,"Bank BRI di Kabupaten Badung Dirampok, Rp 295 Juta Amblas",NEGATIF
581,Rotasi Saham Blue Chip dan Komoditas Dorong Kinerja Reksadana di Awal Tahun,NETRAL
582,"Jaringan RS Terus Bertambah, Kinerja MIKA Diproyeksi Solid pada 2026",NETRAL
583,"Saham Konsumer Berpotensi Menguat pada Kuartal I 2026, Ini Rekomendasinya",NETRAL
584,"Transformasi Saat Pandemi, Dirut BRI Raih Penghargaan CEO Paling Visioner",POSITIF
585,Ini Status Teranyar BRIsat,NETRAL
586,"Pemangkasan Produksi Batubara Belum Pasti, Ini Emiten Batubara yang Potensial",NETRAL
587,"Friderica Widyasari Dewi Jadi Ketua OJK, Ini Profilnya",NETRAL
588,"Tertekan Saham Emiten Telekomunikasi, Kinerja Sektor Infrastruktur Masih Lesu",NETRAL
589,IHSG Sesi 2 Ditutup Stagnan di Level 9.314,NETRAL
590,"Indeks Bisnis-27 Ditutup Melemah, Saham Big Caps Tertekan",NETRAL
591,OJK Angkat Bicara soal Dugaan Hilangnya Dana Member Indodax,NETRAL
592,Polri Telusuri Perampokan BRI RS Sardjito Terkait Aksi Terorisme,NEGATIF
593,Polisi Juga Amankan 2 Tas Perampok BRI Aceh Timur yang Tewas,NEGATIF
594,"IHSG Lagi-Lagi Cetak Rekor ATH Baru, OTW Nanjak ke 9.000",NETRAL
595,"Harga Nikel Melemah Awal Maret 2026, Prospek Emiten Tambang Tertekan",NETRAL
596,"Sudah DIsetujui dan Konfirmasi Alamat, Kartu Kredit BRI belum Diterima",NEGATIF
597,"BUMN Setor Dividen Rp 80,2 T, BRI Jadi Kontributor Terbesar",POSITIF
598,BRI Gak Takut Dengan Revisi Target Kredit BI Hingga 11%,POSITIF
599,Hebat! BRI akan Operasikan Satelit Komunikasi Pertama di Dunia,POSITIF
600,BRI Bidik 5 Juta Nasabah Ultra Mikro Baru pada 2022,POSITIF
601,"Saham ANTM, MDKA, dan ARCI Lanjut Menguat saat Emas Nyaris Tembus US$4.900",NETRAL
602,"Kolaborasi, Bikin Kartu Kredit BRI Kini Bisa Lewat OVO",NETRAL
603,"BRI Rombak Susunan Direksi, 4 Direktur Diganti Sekaligus",NETRAL
604,"Rekor Tertinggi, Dinamika, dan Rekam Jejak Iman Rachman di BEI",NETRAL
605,"Cek Saham Net Buy Terbesar Asing Saat IHSG Terkoreksi 2 Hari Beruntun, Kamis (22/1)",NETRAL
606,BRI Ajak Investasi Sekaligus Selamatkan Bumi Lewat Green Bond,POSITIF
607,"Dunia Gonjang-Ganjing, Tiga Aset Ini yang Diburu Orang Kaya",POSITIF
608,Pelaku Skimming Data Nasabah BRI Mengaku Tak Dibayar,NEGATIF
609,Penjelasan BRI Garut Soal Kantornya yang Diteror Bom,NEGATIF
610,"Pertamina Geothermal (PGEO) Gelar RUPSLB Selasa (20/1), Intip Agendanya",NETRAL
611,"Blokir Kartu Kredit BRI, Kartu Pengganti belum Diterima",NEGATIF
612,"Konsisten Terapkan Prinsip Keberlanjutan, Indeks dan Peringkat ESG BRI Semakin Menanjak",POSITIF
613,"Gencar Ekspansi, Simak Rekomendasi Saham SILO",NETRAL
614,"Gokil! Transaksi BRImo Naik 99%, Penggunanya Udah Segini",POSITIF
615,"Merger BRI, Pegadaian dan PNM Tengah Digodok",NETRAL
616,"Asing Net Sell Jumbo, Saham BBCA Paling Banyak Dilego",NETRAL
617,"Tekanan Asing & Sentimen Global Buat IHSG Ambles 4,73% Sepekan, Ini Kata Analis",NETRAL
618,"ATM BRI Di Sleman Dibobol, Kerugian Rp 300 Juta",NEGATIF
619,"Wall Street Dibuka Turun Jumat (6/3), Tertekan Perang Iran dan Data Tenaga Kerja",NETRAL
620,BRI Dorong Pedagang Pasar di Sidorajo Ubah Limbah Jadi Cuan,POSITIF
621,"Merampok BRI Kampar, Oknum Polisi Mengaku untuk Biaya Pengobatan Ibunya",NEGATIF
622,"Harga Bitcoin Ambruk Tajam Hingga Sentuh Level US$ 60.000, Cermati Pemicunya",NETRAL
623,"Saham DSNG, ASII, hingga TLKM Ambrol ke Zona Merah, Indeks Bisnis-27 Dibuka Melemah",NETRAL
624,"Rektor UI Mundur dari Jabatan Wakil Komisaris, Ini Pernyataan BRI",NEGATIF
625,"Kinerja Medco Energi (MEDC) Diperkirakan Tetap Solid, Simak Rekomendasi Sahamnya",NETRAL
626,Top! Transaksi QRIS BRI Melonjak 1000% Saat Libur Lebaran,POSITIF
627,BRI Salurkan 77 Persen Penempatan Dana PEN Pemerintah Dalam 3 Pekan,POSITIF
628,Indeks Saham Barang Material Berpotensi Melanjutkan Tren Penguatan,NETRAL
629,"Asing Net Buy Rp 655 Triliun Saat IHSG Ambruk, Cek Saham yang Diborong, Senin (2/2)",NETRAL
630,Ketegangan AS–Venezuela Dinilai Tak Picu Lonjakan Harga Minyak WTI,NETRAL
631,"Video: Cegah Krisis Gas, Pengusaha Kaca Minta Kepastian Gas Murah",NETRAL
632,BRI Hadirkan Platform Terintegrasi bagi Nasabah Korporasi,NETRAL
633,"Pacu Ekspansi Kredit, BRI Terbitkan Obligasi Rp 5 Triliun",POSITIF
634,Bos BRI Bicara 2 Faktor yang Bikin Indonesia Kebal Resesi,NETRAL
635,"Duit Warga RI Dimaling Rp 9,1 Triliun, Setiap Hari 1.000 Orang Teriak",POSITIF
636,Perampokan Bank BRI Aceh Timur Diduga Kriminal Murni,NEGATIF
637,"Asing Net Sell Rp 17,34 Triliun pada 2025, Ini Saham Favorit dan Peluang Rebound 2026",NETRAL
638,"BNI Jadi Akselerator Pembangunan Nasional, Ini Buktinya!",NEGATIF
639,"Erajaya (ERAA) Bidik Pertumbuhan Kinerja di Momen Imlek-Ramadan, Intip Strateginya",NEGATIF
640,Cetak Sejarah! Nilai Right Issue BRI Rp96 Triliun Tertinggi di Asia Tenggara,POSITIF
641,"Uang Nasabah BRI Hilang, OJK Kediri Akan Lakukan Pembinaan Bank",NEGATIF
642,Ternyata Pembobol Bank BRI Rp 20 Miliar Itu Hanya Tamatan SMP,NEGATIF
643,"Laba Bersih BRI Melejit di 2022, Sahamnya Ngikut?",POSITIF
644,Wanita Pegawai BRI yang Loncat dari Apartemen Punya Masalah Kerjaan,NEGATIF
645,Pramono Buka-Bukaan Soal Rencana IPO Bank Jakarta,NETRAL
646,"Miliarder China Bagi-Bagi Angpao di Kampung, 1 Orang Dapat Rp 24 Juta",NEGATIF
647,"Kupon Kompetitif, Obligasi Berkelanjutan bjb Oversubscribe 4,66 kali",NEGATIF
648,"BRI di Langkat Dibobol Maling, Rp 300 Juta Amblas",NEGATIF
649,Nasib Tragis Penemu Harta Karun Rp36 T di Kalimantan Dibiarkan Miskin,POSITIF
650,Tanggapan BRI untuk Keluhan Saudara Juli Lim,NETRAL
651,OJK Klaim Demutualisasi Bursa Bisa Dorong Minat IPO,NEGATIF
652,"IHSG Ditutup Menguat ke 8.322, Saham BIPI, BBRI, hingga INKP Melaju Hijau",NETRAL
653,Top! BRI Bagi Bonus Spesial Paket Data dan Top Up Pulsa,POSITIF
654,BRI Ajak Merchant Nonton Bareng Film Rudy Habibie,NETRAL
655,"Diserbu Investor Ritel, SUN Seri SBR011 di BRI Laku Rp 1,5 T",POSITIF
656,Regional Office BRI Surabaya Gelar Pelatihan Penanggulangan Kebakaran,NETRAL
657,"Dukung Pendidikan di Pulau Sebatik, BRI Berikan Mobil Penunjang ke MTs As'adiyah",POSITIF
658,"IIMS 2026 Ditargetkan Raih Transaksi Rp 8 Triliun, Jadi Katalis Saham Otomotif",NEGATIF
659,"IHSG Hari Ini (22/1) Ditutup Melemah, Saham BUMI Hingga BBCA Ambrol ke Zona Merah",NETRAL
660,"Fokus Pada Kredit UMKM, BRI Cetak Laba Rp 24,8 T Per September 2019",POSITIF
661,Moody's Pertahankan Peringkat Indosat (ISAT) di Baa3 Dengan Outlook Stabil,NETRAL
662,"Jalankan Prinsip ESG, BRI Unggul di Investasi Hijau",POSITIF
663,68 Paskibraka & 1.800 Anak Pelaku UMKM Dapat Beasiswa BRI,POSITIF
664,"Saham Emiten Asuransi Menguat, Simak Prospek dan Rekomendasinya",NETRAL
665,"Rajin Bawa UMKM Naik Kelas, BRI Sabet 2 Penghargaan",POSITIF
666,Kejagung Tahan 4 Tersangka Pengucur Kredit BRI Syariah Serang,NEGATIF
667,"Kredit Fiktif, Kepala BRI Grendeng Ditahan Kejaksaan",NEGATIF
668,"Rektor UI Rangkap Jabatan Wakil Komut BRI, Pakar: Itu Melanggar Aturan",NEGATIF
669,Polisi Berhasil Bekuk Perampok Kantor BRI di Batam,NEGATIF
670,"Skandal Saham BEBS, OJK Bongkar Cuan Tak Wajar Rp14,5 Triliun",NETRAL
671,"Likuiditas Terjaga, Kinerja BNI Berpotensi Melesat di 2026",NEGATIF
672,"BRI Salurkan Bantuan ke Warga Ciledug, Tangerang & Garut",POSITIF
673,"Progres Capai 62%, WIKA Kebut Proyek Jalan Hankam & Lingkar Sepaku",NETRAL
674,Kepedulian BRI Group di Surabaya Selama Ramadan,NETRAL
675,"Prajogo Serok Saham BRPT & CUAN Rp23,04 Miliar, Saham BREN Rebound",NETRAL
676,"Jual Asing Kian Deras, IHSG Terpukul MSCI hingga Perang AS-Iran",NETRAL
677,Mataf Masjidil Haram Garapan Waskita Siap Tampung Ratusan Ribu Jemaah,NEGATIF
678,"267 Emiten Belum Penuhi Free Float 15%, OJK-BEI Siapkan Exit Policy",NETRAL
679,Uang Tidak Keluar tapi Rekening Terdebet di ATM BRI,NEGATIF
680,"Sasar Seluruh Lapisan Masyarakat, BRI Pakai Jurus Ini",POSITIF
681,Wall Street Melemah Usai Trump Nominasikan Kevin Warsh Sebagai Ketua The Fed Baru,NETRAL
682,"Pencabutan Izin Agincourt Jadi Sentimen Jangka Pendek, Ini Rekomendasi UNTR dan ASII",NETRAL
683,"IHSG Berpotensi Lanjut Terkoreksi pada Jumat (23/1), Cek Saham Rekomendasi Analis",NETRAL
684,"Bersih-Bersih Saham Gorengan, OJK Jatuhkan Sanksi Denda ke 151 Pihak",NETRAL
685,BRI Ajak Masyarakat Disiplin Kelola Uang Lewat Investasi,NETRAL
686,"Bitcoin Unggul 20% atas Emas, Minat Investor Institusional Terus Menguat",NETRAL
687,Garuda Dapat Pinjaman Rp 1 Triliun dari BRI,POSITIF
688,Daftar 5 Orang Terkaya di Indonesia Minggu (11/1),NETRAL
689,Tanggapan BRI untuk Surat Bapak Rangga,NETRAL
690,Jaksa Limpahkan Kasus Pembobolan BRI Agro Pekanbaru ke Pengadilan,NEGATIF
691,Nasib Persiraja di BRI Liga 1 Bakal Ditentukan Malam Ini,NETRAL
692,BRI Ganti Dana Nasabah Korban Skimming,NEGATIF
693,"Gandeng Benih Baik, BRI Donasi Rp 124 Juta untuk Lestarikan Alam",POSITIF
694,"Bukan Sok-sokan, BRI Siap Jadi Market Leader ESG",POSITIF
695,"Laba BRI Tumbuh 34,74 Persen hingga Kuartal III 2021",POSITIF
696,Kasus a la Malinda di BRI & Mandiri Masih Terus Diproses Polisi,NEGATIF
697,Kajari Tangerang Sangkal Pertemuan Jaksa DSW Terkait Kasus BRI,NEGATIF
698,"Tabungan Orang Kaya Tumbuh Tinggi, Kelas Menengah Seret",POSITIF
699,OJK Serahkan Tersangka Kasus Transaksi Semu Saham SWAT,NETRAL
700,"Wujud Komitmen Memberdayakan UMKM, BRI Gelar Bazzar Klaster Mantriku",POSITIF
701,"Bunga Deposito Naik Lagi, Bankir Ungkap Alasannya",NETRAL
702,"Pinago Utama (PNGO) Tebar Dividen Interim Rp70,31 Miliar, Cair Akhir Januari 2026",NETRAL
703,"Video: Ekspansi Pasar, Motor Premium Ini Jual Moge di Bawah Rp200 Juta",NEGATIF
704,"QLola by BRI, Solusi Terintegrasi Layanan Wholesale Banking",POSITIF
705,"Rupiah Merosot, Investor Asing Net Buy Rp6,59 Triliun di Pasar Saham RI",NETRAL
706,"Pede IHSG Tetap To The Moon, Purbaya Sarankan Serok Saham Ini!",NEGATIF
707,"Friderica Pastikan ""Pesawat"" OJK Siap Terbang Hadapi Berbagai ""Cuaca""",NEGATIF
708,"Harga Nikel Menjulang di Awal 2026, Begini Prospek Emiten dan Rekomendasi Sahamnya",NETRAL
709,OJK Permudah Investor Institusi Masuk Pasar Modal via PMK 118/2025,NETRAL
710,"Ikut Fit and Proper Test OJK, Hasan Fawzi Targetkan Market Cap Pasar RI Capai 80% PDB",NETRAL
711,Transformasi Bikin Investor Ritel BRI Melesat 6 Kali Dalam Dua Tahun,POSITIF
712,"Reksadana Pendapatan Tetap Masih Primadona, Risiko Kredit Jadi Penentu Utama di 2026",NETRAL
713,"Akselerasi Digitalisasi UMKM, BRI Sinergikan Tiga Ekosistem",POSITIF
714,Indocement Tunggal Prakarsa (INTP) Bentuk Usaha Patungan Untuk Bisnis Mortar,NETRAL
715,"BRI, Bank Pelat Merah Pertama yang Beroperasi Pasca Gempa Sulteng",POSITIF
716,BRI Fokus Pada Pemberdayaan UMKM Lewat Transformasi Digital,NETRAL
717,Mau Awali Investasi Dengan Tepat? Yuk Ikuti Kelas Kelas Cuan Gratis,NEGATIF
718,"IHSG Ditutup Naik 0,13%, Saham Ini Jadi Penggerak Utama",NETRAL
719,"Lampaui Target, Penjualan SBR011 di BRI Sentuh Rp 1,5 Triliun",POSITIF
720,Konsep Hybrid BRI Dinilai Efektif Dongkrak Inklusi Keuangan,NETRAL
721,"IIMS 2026 Bidik Transaksi Rp 8 Triliun, Astra Maksimalkan Momentum Pameran",NEGATIF
722,"Saham Big Banks Melesat: BBNI Pimpin Reli, Apakah Sudah Terlambat Beli?",NETRAL
723,Kantor BRI Regional Office Surabaya Kembali Gelar Aksi Donor Darah,POSITIF
724,"Fantastis, Transaksi Agen BRILink Nyaris Tembus Rp1,3 Kuadriliun",POSITIF
725,"Saham Melesat, Anak Usaha Prima Multi (PMUI) Disorot Investor Asing",NETRAL
726,"Makin Gencar, Ini Upaya BRI Terapkan ESG di Indonesia",POSITIF
727,"Pelayaran Nasional (ELPI) Siap Right Issue 2,11 Miliar Saham, Ini Tujuannya",NETRAL
728,"Laba Bersih Tumbuh 45 persen, BRI Agro Bagi Untung Rp 40,8 Miliar",POSITIF
729,Adi Sarana Armada (ASSA) Suntik Modal Rp 20 Miliar ke Anak Usaha,NETRAL
730,BRI Gaet NeverTooLavish Buat BRIZZI & Galeri ATM Makin Stylish,POSITIF
731,"Daftar Saham LQ45 Belum Penuhi Free Float 15%, BREN, SCMA, Hingga UNVR",NETRAL
732,Jejak Trading Halt IHSG di Era Pemerintahan Prabowo Subianto,NETRAL
733,Tanggapan BRI soal Pegawai Pakai Uang Nasabah Rp 1 M di Payakumbuh Sumbar,NEGATIF
734,"Libur Lebaran Panjang, Bank BRI Siapkan Kebutuhan Uang Rp 28 Triliun",POSITIF
735,"Di HUT ke-74 RI, BRI Beri Bantuan CSR ke 57 SLB di Seluruh Indonesia",POSITIF
736,"IHSG Bisa Tembus 10.000 Tahun 2026, Saham Ini Bakal Jadi Penopang",NETRAL
737,"ISAT dan EXCL Catat Lonjakan Trafik Selama Nataru, Intip Rekomendasi Analis",NETRAL
738,Ini Arahan Prabowo ke Danantara Buat Bursa Saham Indonesia,NETRAL
739,Polisi Minta Maaf dan Ganti Rugi Kantor BRI Lautze yang Ditabrak Mobil Patroli,NEGATIF
740,"Pagelaran Desa BRILian Indonesia, Bukti Tangguhnya Desa kala Pandemi",NETRAL
741,"Rekomendasi Saham Ritel 9 Maret 2026: MIDI, MAPA, MAPI, hingga ACES Masih Prospektif",NETRAL
742,"Kenalin Ini Rika, Teller BRI yang Nyikat Uang Nasabah Rp 2,3 Miliar",NEGATIF
743,Top! WIKA Raih ESG Score 64/100 dari S&P Global 2025,NEGATIF
744,"Jangan Lewatkan, Anugerah 5 Desa Paling BRILian Besok!",NETRAL
745,"OJK Ungkap Modus Penipuan Bulan Ramadan, Rekening Auto Ludes",POSITIF
746,"Melirik Arah Pasar Modal RI di 2026, Bakal Cerah?",NEGATIF
747,Danantara Resmi Mulai 6 Proyek Kebanggaan Prabowo Rp110 Triliun,NEGATIF
748,"Batas Saldo Minimum Bank Mandiri, BNI-BRI Sesuai Aturan Berlaku Kini",NETRAL
749,"Bentuk Program BRI Peduli, Majukan Bidang Pendidikan",POSITIF
750,Begini Cara Bank Raya Gaspol Bisnis Digital,NEGATIF
751,BRI Ganti Kerugian Korban Skimming,NEGATIF
752,"Wow! BRI Cairkan Kredit Rp 1T per Hari, Incar Rp 270T di 2023",POSITIF
753,"Bidik Kota Lapis Dua-Tiga, Prospek ACES Diproyeksi Membaik pada 2026",NETRAL
754,"Kini Uang Elektronik Bank BRI, Bank Mandiri dan BNI Bisa Bayar KRL Commuter Line",POSITIF
755,"Indeks Dolar Tembus Level 100, Sentimen Suku Bunga dan Energi Jadi Penopang",NETRAL
756,Ingin Bawa Pulang Toyota Vellfire? Ikuti Program BritAma FSTVL,POSITIF
757,"6 Proyek Rp 110 Triliun Danantara Mulai Dibangun, Ini Daftarnya",NEGATIF
758,Bos SIDO Tanggapi Konten Negatif yang Muncul di Media Sosial,POSITIF
759,MA Perintahkan Bank BRI Bayar Gaji Eks Buruh PT PGNI,NEGATIF
760,"Dorong Sektor Wisata, BRI Gandeng Alipay Fasilitasi Wisatawan Tiongkok",NETRAL
761,Prospek Indeks dan Rekomendasi Saham Syariah,NETRAL
762,"Video: Sasar Kelas Atas, Garmen Lokal Siap 'Berjaya"" Di Pasar Domestik",NETRAL
763,"Kasus Gadai Emas, Mediasi Butet Kartaradjasa vs BRI Syariah Alot",NEGATIF
764,BRI Antarkan UMKM Indonesia ke New York (NY) NOW 2023 Komitmen Dukung Alumni UMKM EXPO(RT) BRILIANPRENEUR,POSITIF
765,"DBS Proyeksi IHSG Sentuh 9.500 pada 2026, Konsolidasi Imbas MSCI Menyehatkan",NETRAL
766,"Kartu Kredit BRI di 'Hack', Transaksi di Bukalapak tanpa OTP",NEGATIF
767,BRI Rayakan Imlek Bersama Nasabah Private dan Prioritas,NETRAL
768,Cek Prospek Emiten Transportasi & Logistik yang Bisa Terdampak Keterbatasan Mobilitas,NETRAL
769,"BRI Pastikan Buku Tabungan Bodong Untuk Korban Gempa Lombok, Hoax!",POSITIF
770,"Tanggap Bencana, BRI Bangun Posko BRI Peduli di Majene dan Mamuju",POSITIF
771,"Sinergi BREN dan TPIA Berpotensi Dongkrak Kinerja BRPT, Cek Rekomendasi Sahamnya",NETRAL
772,BRI Tawarkan Kemudahan Layanan Perbankan lewat Agen BRILink,POSITIF
773,"Terdakwa Sakit, Sidang Vonis Eks Pimpinan BRI Kembali Ditunda",NEGATIF
774,Gugus Tugas Lakukan Penyelidikan Epidemiologi Kasus Karyawan BRI,NEGATIF
775,"Penghapusan Tarif Alat Telekomunikasi Beri Sentimen Positif, Ini Rekomendasi Analis",NETRAL
776,Bocoran Pasar: Ada 11 Emiten Aset Jumbo Mau IPO,NETRAL
777,Dua Pembobol BRI Dituntut Hukuman 20 Tahun Penjara,NEGATIF
778,OJK Buka Suara Soal Dugaan Kasus Penipuan Kripto Timothy Ronald,POSITIF
779,"Eskalasi Konflik Timur Tengah Picu Volatilitas Valas, Dolar AS Menguat",NETRAL
780,Perampok Bersenpi Gondol Rp 300 Juta di Bank BRI di Tangerang,NEGATIF
781,Kode Keras Investor Asing Masuk BSI Gantikan BRI dan BNI,NETRAL
782,"Dongkrak Pariwisata, BRI Adakan Travel Fair 2022",POSITIF
783,Kawanan Pencuri Gasak Uang Puluhan Juta Dari ATM BRI yang Baru Diisi,NEGATIF
784,Perempuan yang Todongkan Pisau di BRI Sukabumi Mantan Karyawan,NEGATIF
785,Simak! Bos BRI Beberkan 6 Penentu Hidup Matinya Bank,NETRAL
786,Transformasi BTN Jadi Bank Modern di Usia 76 Tahun,NEGATIF
787,Raja Gula RI Pilih Kabur ke Singapura Demi Hindari Pajak Pemerintah,NEGATIF
788,Tas yang Ditinggalkan Perampok BRI di RS Sardjito 80 Persen Bom,NEGATIF
789,"Tersangka Pembobol Brankas BRI Medan Rp 1,6 M Ditangkap di Riau",NEGATIF
790,Profesor Harvard Apresiasi Peran BRI Dalam Inklusi Keuangan,POSITIF
791,"Menkeu Suntik Likuiditas Rp 100 Triliun, Bisakah Tekan Yield SBN?",NETRAL
792,Kejari Tahan Tersangka Korupsi Kredit Fiktif Bank BRI,NEGATIF
793,BRI Fasilitasi Layanan Keuangan Pertamina Lubricants,POSITIF
794,"IHSG Turun 0,64% ke Level 8.212 Jelang Libur Panjang Imlek",NETRAL
795,"Dukung Startup, BANK BRI Gelar BRI Digital Challenge",POSITIF
796,"Saham Grup Bakrie BUMI, DEWA, VKTR Melejit Saat IHSG Ditutup Rebound",NETRAL
797,"Tahun 2026 Jadi Titik Balik Bagi Buana Lintas (BULL), Ini Rekomendasi Sahamnya",NETRAL
798,Pengakuan Sri Mulyani: Saya Selalu Terkesan dengan BRI,POSITIF
799,Perampok BRI Samarinda Tinggalkan Tas Diduga Bom,NEGATIF
800,"Bank Cirebon Bangkrut, LPS Akan Bayar Simpanan Nasabah Sesuai Aturan",NETRAL
801,"Nikel dan Aluminium Menguat, Timah Ambles 23%, Analis Beberkan Prospeknya",NETRAL
802,"OJK Beberkan 8 Aksi Reformasi Pasar Modal, Buka Identitas Pemilik hingga Demutualisasi BEI",NETRAL
803,"Saham Melonjak 8%, Bumi Resources (BUM) Rilis Obligasi Kupon 7,25%",NETRAL
804,"BEI dan KSEI Perluas Klasifikasi Investor Sesuai Standar Global, Paling Lambat April",NETRAL
805,Prabowo Kesal BUMN Rugi Bagi Tantiem: Gak Tau Malu!,POSITIF
806,"Iman Rachman Mundur, OJK Pastikan Operasional BEI Tetap Normal",NETRAL
807,BRI Gandeng Beemarket.id Pasarkan Produk Lokal,POSITIF
808,"Sinarmas Sekuritas Kerek Target Harga Saham RMK Energy (RMKE), Ini Alasannya",NETRAL
809,4 Tersangka Kasus BRI Diperiksa Kamis,NEGATIF
810,Mesin ATM BRI Pasar Pagi Madu Ditemukan di Bogor,NEGATIF
811,"Kuartal III-2018, Laba Bersih BRI Naik 14,6 Persen jadi Rp 23,5 T",POSITIF
812,"Daftar 10 Saham Pemberat IHSG Pekan Ini, Ada AMMN, BBRI hingga BREN",NETRAL
813,"Gokil! Berkat BRILIANPRENEUR, UMKM Ini Bisa Keliling Dunia",POSITIF
814,"Majukan Industri Otomotif, BRI Group Rangkul Startup Broom",POSITIF
815,"Rekomendasi Saham dan Pergerakan IHSG Hari Ini Jumat, 13 Maret 2026",NETRAL
816,Transformasi Digital BRI Tingkatkan Inklusi Keuangan,POSITIF
817,"Polisi Amankan Keris dan Golok dari Tangan Perampok BRI Rp 6,7 M",NEGATIF
818,"Bursa Ditegur Pasar Global: FCA, MSCI & Mundurnya Pejabat Kunci Otoritas Pasar Modal",NETRAL
819,BRI Ajak 3.500 Anak Yatim Piatu Buka Puasa Bersama Presiden SBY,POSITIF
820,"BRI Cetak Laba Bersih Rp 51,4 Triliun, Tumbuh 67,15 Persen pada 2022",POSITIF
821,"Genjot Likuiditas, Dian Swastatika (DSSA) Gelar RUPSLB Bahas Stock Split 1:25",NETRAL
822,"Penjual Es di Jawa Buktikan Bisa Kaya Raya, Punya Harta Rp10 Triliun",NEGATIF
823,"Indeks ESG Berpeluang Pulih Bertahap pada 2026, Simak Rekomendasi Analis Berikut",NETRAL
824,"Rupiah Menguat Tipis, Nilai Tukar Dolar AS Turun ke Rp16.895",NETRAL
825,"Peta Baru LQ45–IDX30 Usai Masuknya BREN, BUMI dan EMTK",NETRAL
826,KPR BRI Property Expo 2022 Maksimal Layani Nasabah,NETRAL
827,"UMKM Digitalvolution, Komitmen BANK BRI Tingkatkan Potensi Ekonomi UMKM",POSITIF
828,BRI-ACC Kerja Sama Dorong Digitalisasi Perusahaan Pembiayaan,POSITIF
829,"Top! Transaksi Super Apps Milik BRI Melonjak 136,5%",POSITIF
830,Juda Agung Bakal Gantikan Thomas Jadi Wamenkeu? Begini Kata Purbaya!,POSITIF
831,Siap-Siap Cum Dividen BNI (BBNI) Pekan Depan Selasa (17/3),NETRAL
832,Taspen Gandeng BRI untuk Sejahterakan ASN dan Pensiunan dalam Program “Sejahtera di Purnatugas”,POSITIF
833,Pisau Bermata Dua? Risiko di Balik Pembukaan Data UBO Bursa,NEGATIF
834,"Video: Investor Pantau Risiko Defisit APBN 3%, Ini Efeknya ke Pasar RI",NEGATIF
835,"Berkat Pemberdayaan UMKM, BRI Sabet 2 BI Awards 2022",POSITIF
836,"Segmen Korporasi Mendominasi, Transaksi BNIDirect Melesat 26%",NETRAL
837,"Tekanan Indeks Dolar Berlanjut, Yen hingga Won Berpeluang Menguat di Kuartal I-2026",NETRAL
838,"Mesin EDC sudah Diterima, Terima kasih BRI",POSITIF
839,"Teras BRI Dirampok, Pelaku Sekap 2 Karyawan Bawa Kabur Rp 10 Juta",NEGATIF
840,BRI Bocorkan Cara Perkuat Bisnis yang Berkelanjutan,NETRAL
841,"Pengamat Sebut BRI Bisa Cetak Laba Rp 51,4 T Karena Hal Ini",POSITIF
842,"Net Buy Asing Capai Rp3,2 Triliun, Ini Rekomendasi IPOT",NETRAL
843,Uang Rp 400 Juta Nasabah BRI yang Diaku Hilang Ternyata Ditarik Sendiri,NEGATIF
844,"Saham BBRI Ngegas Usai Rilis Cetak Laba Rp 15,56 Triliun pada Kuartal I 2023",POSITIF
845,BRI Gandeng Bio Farma Sediakan Layanan di Industri Farmasi,POSITIF
846,"Laba Bersih BRI Tembus Rp51,4 Triliun di 2022, Melonjak 67%",POSITIF
847,"Kinerja Bakal Terus Melesat, Saham BRI Diproyeksi ke Rp 6.200",POSITIF
848,"Demi ESG, BRI Bangun Kantor Konsep Green & Smart Building",POSITIF
849,"Volatilitas Tinggi Awal 2026, Bitcoin Berpeluang Turun Menguji Level US$ 80.000",NETRAL
850,"Cerita Emas Rp130 T Soekarno di Bank Swiss, Begini Faktanya!",POSITIF
851,'Ramalan' Purbaya Soal Nasib IHSG Senin Usai Bos OJK-DIrut BEI Mundur,NEGATIF
852,Alarm Indomart Menteng Berbunyi Saat Maling Bobol ATM BRI,NEGATIF
853,"IHSG Ditutup Menguat 2,75% Usai Libur Panjang, Begini Pesan Bos BEI",NETRAL
854,"ATM BRI di Indomaret Setiabudi Dicuri, Uang Puluhan Juta Raib",NEGATIF
855,Polisi Belum Temukan Mobil Milik Karyawati BRI yang Dibunuh,NEGATIF
856,"Kantongi Restu Rights Issue, Grup Bakrie (BNBR) Bidik Dana Rp6,5 T",NETRAL
857,"Dorong UMKM Binaan, BRI Gelar Bazaar Klaster Mantriku",POSITIF
858,Bunga KUR Turun Jadi 12%,NEGATIF
859,"3 Pengusaha Muslim Terkaya di Dunia, Punya Harta Hampir Rp 500 T",NEGATIF
860,"Kasus Skimming BRI Meluas, 4 Nasabah Batam Jadi Korban",NEGATIF
861,"Apresiasi Karyawan Berprestasi, BRI Life Gelar Bancassurance Award Night 2017",POSITIF
862,BRISPOT Pacu Kredit Mikro BRI Tumbuh Selektif di Tengah Wabah Covid-19,POSITIF
863,"Mau Jadi Nasabah Prioritas BRI, Mandiri, BNI? Segini Saldo Minimumnya",NEGATIF
864,BRI Sukses Integrasikan 25 Juta data Lewat Holding UMi,POSITIF
865,"Buron 8 Bulan, Eks Kacab BRI Pekanbaru Ditangkap",NEGATIF
866,"Hashim: Prabowo Marah Besar Akibat Saham, Minta Pimpinan Bursa Mundur",POSITIF
867,"Ditangkap di Banyumas, Teroris Anton Juga Ikut Merampok BRI Tangerang",NEGATIF
868,Bom Ditemukan di Kantor BRI Sengkang Sulsel,NEGATIF
869,"Lewat BRIGesit, Layanan BRI Tetap Optimal Saat Lebaran",POSITIF
870,IHSG Anjlok Lagi: Ini Skenario Terburuk untuk Pekan Depan!,NETRAL
871,"Bobol BRI Rp 123,8 Miliar, Rasyid & Muslimin Divonis 15 Tahun Penjara",NEGATIF
872,Intip Rekomendasi Saham Sejahteraraya Anugrahjaya (SRAJ) yang Ekspansif,NETRAL
873,"Outlook Negatif dari Fitch dan Gejolak Global Membayangi, Simak Prospek SBN",NETRAL
874,Video: Membaca Peluang Investasi Saham Konglo Setelah MSCI Crash!,NETRAL
875,Polisi Pastikan Tas Berisi Bom di Tangerang Milik Perampok BRI,NEGATIF
876,"Hingga Oktober 2019, BRI Salurkan Rp 83,3 Triliun KUR",POSITIF
877,Dirut BRI Ungkap Penyebab Silicon Valley Bank Bisa Bangkrut,NEGATIF
878,OJK Buka Penyebab Bank Digital Berani Pasang Bunga Deposito Tinggi,NETRAL
879,"Setelah Anjlok di 2025, Begini Rekomendasi Saham Siloam (SILO) di Tahun Ini",NETRAL
880,"Polda DIY: Perampok BRI RS Sardjito Profesional, Bikin Bom Rapi",NEGATIF
881,5 Aplikasi Trading Crypto Terbaik dan Terpercaya,NEGATIF
882,Sumber Alfaria (AMRT) Targetkan Pembukaan 800 Gerai Alfamart pada Tahun 2026,NEGATIF
883,Analis: Buyback Saham BBRI Beri Sinyal Positif bagi Investor,POSITIF
884,"Bertahan Dari Ekonomi Global, Kredit Mikro BRI Tumbuh 15%",POSITIF
885,Bocah 5 Tahun Hilang di Depan BRI Life Surabaya,NEGATIF
886,"BRI Buka 391 Cabang Buat Tukar Uang Lebaran, Cek Lokasinya",NETRAL
887,"CIO DBS Ingatkan, Risiko Geopolitik dan Kebijakan The Fed Tekan Prospek Pasar Global",NETRAL
888,BRI Salurkan Bantuan Untuk Korban Banjir di Semarang & Demak,POSITIF
889,Menilik Kepemilikan Saham Emiten Konglomerasi usai BEI Buka Data Hingga 1%,NETRAL
890,"Truk Milik Bank BRI Dirampok, Pelaku Bawa Pistol",NEGATIF
891,Pembobol BRI Rp 180 Miliar Ditangkap di Plaza Senayan,NEGATIF
892,"Tas Mencurigakan di RS Sardjito Diledakkan, Ledakan Merusak Plafon BRI",NEGATIF
893,"OJK Denda Miliaran Rupiah Influencer BVN usai Goreng Saham, Ini Modusnya",NETRAL
894,"Emiten Ramai Tambah Modal Anak Usaha pada Awal Tahun 2026, Ini Rekomendasi Sahamnya",NETRAL
895,"Kantor Teras BRI Dirampok, Pelaku Pakai Atribut Mirip Polisi",NEGATIF
896,"Saham Big Banks Bergerak Variatif Selasa (3/2), Simak Rekomendasi Analis",NETRAL
897,"Lebih Matang, Industri Kripto Indonesia Masuki Fase Konsolidasi",NETRAL
898,Perampok ATM BRI di Bekasi dan di Depok Diduga Satu Jaringan,NEGATIF
899,Dirut BRI: Holding Ultra Mikro Beri Kepastian Sumber Pertumbuhan Perseroan,POSITIF
900,"Pesangon Tak Dibayar, Pensiunan Karyawan Segera Gugat Pailit BRI",NEGATIF
901,"IHSG Ditutup Turun 1,04% ke 8.235, Saham BIPI, BUMI, hingga INKP Kompak Merah",NETRAL
902,"Mantap! Kredit Berkelanjutan BRI Tembus Rp 671,1 T",POSITIF
903,Kartu Kredit BRI belum Diterima 4 Bulan Lebih,NEGATIF
904,"Dibayangi Sentimen Geopolitik, Begini Proyeksi Rupiah Besok (31/3)",NETRAL
905,"Cermati Rekomendasi Saham Teknikal ASII, KLBF, INCO untuk Kamis (5/2)",NETRAL
906,"Kembangkan Bisnis Pengelolaan Limbah, TBS Energi (TOBA) Siapkan US$ 200 Juta",NEGATIF
907,Video: DPR Pantau Langkah Perbaiki Citra Bursa Saham RI & Isu MSCI,NEGATIF
908,4 Kriteria Utama Saham Incaran Danantara,NEGATIF
909,Saham SINI Lanjut Menguat Meski Anak CUAN Beli di Harga Rendah,NETRAL
910,Lagi ATM BRI di Pekanbaru Digasak Bandit Bersenpi,NEGATIF
911,"Berkah Ramadan, BRI Bagikan Dividen Rp 34,89 Triliun Hari Ini",POSITIF
912,BRI Bakal Bawa UMKM Lokal Mendunia Lewat Program Ini,POSITIF
913,"Rupiah Melemah ke Rp 16.755 per Dolar AS, Begini Proyeksi Jumat (30/1)",NETRAL
914,"Kinerja Japfa (JPFA) Ditopang Sentimen Percepatan SPPG, Cek Rekomendasi Sahamnya",NETRAL
915,"ATM BRI di Mojokerto Dirusak, Polisi: Pelaku Satu Orang",NEGATIF
916,"Pengendali LINK Axiata Investments Jual 36,56 Juta Saham",NETRAL
917,"Laba Bumi Resources Minerals (BRMS) Diproyeksi Meningkat, Simak Rekomendasi Sahamnya",NETRAL
918,"Lambungkan Image Teh Indonesia, BRI Bawa Sila Tea ke Belanda",POSITIF
919,"Rights Issue Dikabarkan Telah Terserap 50 Persen, Pengamat Sebut Investor Yakin Rencana Bisnis BRI",POSITIF
920,"Hadirkan Figur Inspiratif UMKM, BRI Ajak Makin Bertumbuh",POSITIF
921,"Pengendali Sido Muncul Buka Peluang Gandeng Investor Strategis, Ini Catatan Analis",NETRAL
922,Prospek Kinerja Bumi Resources Minerals (BRMS) Diuji Isu yang Menerpa Anak Usaha,NETRAL
923,"2 Tahun Buron, Terpidana Korupsi KUR BRI Dijebloskan ke Penjara",NEGATIF
924,"Saham BBRI Cetak Rekor Terus, Mau Pepet BBCA Nih?",POSITIF
925,"Tak Ada ATM, Tak Merasa Ambil, Eh Uang Nasabah BRI di Jombang Ini Raib",NEGATIF
926,"Kejari Surabaya Tahan Debitur Kredit Fiktif Rp 1,8 M Bank BRI",NEGATIF
927,"Peduli Pendidikan, BRI Bantu Renovasi Sekolah dan Ajak Jurnalis Mengajar di Madrasah",POSITIF
928,"Harga Emas Antam dan Buyback Terus Cetak ATH, Investor Diminta Tetap Selektif",NETRAL
929,500 Peternak Dapat Kredit dari BRI dengan Total Rp 60 Miliar,POSITIF
930,"BRI Dibobol Rp 123,8 Miliar, Eks Pemimpin Cabang Dihukum 9 Tahun",NEGATIF
931,"Tak Bayar 19 Tahun Gaji Eks Buruh PT PGNI, Bank BRI Dikecam",NEGATIF
932,"Uang Rp 87 Juta di Rekening BRI Ponorogo Lenyap, Ini Kronologinya",NEGATIF
933,"Kinerja CPO Bisa Lanjut Positif pada 2026, Simak Rekomendasi Sahamnya",NETRAL
934,BRI Pasang Target Pertumbuhan Kredit 12% Tahun Ini,POSITIF
935,Indo Tambangraya (ITMG) Masih Eksekusi Program Buyback,NETRAL
936,"Dengan Cara Ini, BRI Sukses Berdayakan Ekonomi Warga NTT",POSITIF
937,"IHSG Diproyeksikan Konsolidasi pada Perdagangan Perdana di 2026, Jumat (2/1)",NETRAL
938,"Kerja Sama dengan Traveloka, BRI Rilis Fitur Baru di Aplikasi BRImo",NETRAL
939,Cek Prospek dan Rekomendasi Emiten yang Masih Diburu di Tengah Aksi Jual Asing,NETRAL
940,"Rupiah Bergerak di Bawah Rp 17.000, Ini Landasan Fundamental Tetap Stabil",NETRAL
941,BRI Targetkan Fee Based Income Trade Finance Tumbuh 20%,POSITIF
942,"Bermodal Raihan Premi Bruto Rp8,1 Triliun di 2022, BRILife Optimistis Lampui Target 2023",POSITIF
943,Video: Intip Kilau Bisnis Perhiasan di Tengah Lonjakan Harga Emas,NETRAL
944,"Kredit BRI sudah Lunas, Berkas D belum Dikembalikan",NEGATIF
945,"Rangkap Jabatan di BRI, Rektor UI Ari Kuncoro Disebut Maladministrasi",NEGATIF
946,BEI Masih Koordinasi dengan Kemenkeu Terkait Financial Reporting Single Window,NETRAL
947,"RMK Energy (RMKE) Ganti Direksi, Volume Jasa Logistik ditarget 12,7 Juta Ton",NETRAL
948,"Implementasi Prinsip Keberlanjutan Semakin Kuat, MCSI ESG Rating BRI Naik dari BBB Menjadi A",POSITIF
949,"Menuju Demutualisasi BEI 2026, Apa Saja Keuntungannya?",NETRAL
950,Kecewa Proses Pengiriman Kartu Kredit Pengganti BRI,NEGATIF
951,Lonjakan Harga Minyak Hingga Gangguan Pasokan Ancam Kinerja Emiten Petrokimia,NETRAL
952,"Jadwal Libur Bursa Maret 2026: Ada Nyepi dan Lebaran, Kapan BEI Buka?",NETRAL
953,Kinerja Positif BRI dengan Strategi Business Follow Stimulus,POSITIF
954,Harga Emas Melonjak 1% Lebih Jelang Rilis Notulen Rapat The Fed,NETRAL
955,"Menteng Heritage (HRME) Lunasi Pinjaman Rp 18 Miliar, Optimis Kinerja Membaik",NETRAL
956,Pembobol ATM BRI di Indomart Menteng Terekam CCTV,NEGATIF
957,"CIMB Niaga (BNGA) Gelar RUPS Tahunan 17 April 2026, Bahas Dividen hingga Buyback Saham",NETRAL
958,Polisi Tangkap 4 WNA dan 1 WNI Pelaku Skimming Saldo Nasabah BRI,NEGATIF
959,OJK Beberkan Alasan Gen Z Doyan Investasi Kripto,NEGATIF
960,BRI Dorong Peningkatan Kualitas Jurnalis Indonesia,POSITIF
961,"IHSG Terkoreksi, Cek Rekomendasi Teknikal Saham ARTO, AVIA, MINA, Jumat (9/1)",NETRAL
962,PT PP (PTPP) Dapat Rating idBBB+ dengan Outlook Negatif dari Pefindo,NETRAL
963,"Saham Raksasa Bank AS Ambruk, Bos JP Morgan Buka Suara",POSITIF
964,Komisaris Utama Aman Agrindo (GULA) Serok 18 Juta Saham,NETRAL
965,"27 BPR/BPRS Bangkrut dan Tutup Dalam 2 Tahun, Ini Namanya",POSITIF
966,"Terungkap! Ini Pelaku Nego Saham BRIS Rp 1,6 T",NEGATIF
967,Perbankan Perketat Prudential Measures di Tengah Risiko Geopolitik,NETRAL
968,"Mantap! 98,41% Nasabah BRI Sudah Pakai BRIMo",POSITIF
969,"GoTo Bukukan Adjusted EBITDA Rp2 Triliun di 2025, Lewati Target Tahunan",NETRAL
970,BRI Luncurkan Kredit Pendidikan untuk Mahasiswa S2 dan S3,POSITIF
971,BRI Jadi BO Valas Bersama Kementerian Keuangan,NETRAL
972,"Kantongi Kasasi MA, Para Tua Renta Minta BRI Bayar Gaji Pensiunan PGNI",NEGATIF
973,"Perang AS-Israel vs Iran Berkobar, Begini Dampaknya ke Harga Minyak dan Emas",NETRAL
974,PPP dan PKS Kompak Puji Keputusan Ari Kuncoro Mundur dari BRI,NEGATIF
975,Bank BRI Akan Luncurkan Satelit Baru di 2023,POSITIF
976,Pekerja di Lt 20 Gedung BRI Benhil Sempoyongan Hingga Terjatuh,NEGATIF
977,Cek Prospek dan Rekomendasi Saham Alfamart (AMRT) Usai Raih Kinerja Positif pada 2025,NETRAL
978,HMSP & GGRM Cs Masuk Radar Analis di Tengah Meredanya Volatilitas Pasar,NETRAL
979,"IHSG Ditutup Menguat ke 8.936,75 Didorong BBCA hingga AMMN Cs",NETRAL
980,ATM BRI di Kantor Samsat Tuban Dibobol Pencuri,NEGATIF
981,"Medco Energi (MEDC) Incar Kenaikan Kinerja pada 2026, Begini Prospek Sahamnya",NETRAL
982,"Investor Ritel Membanjir, Risiko Saham Gorengan Ikut Mengintai",NETRAL
983,"IHSG Kena Efek Perang AS-Iran, OJK Imbau Investor Tak Panic Selling",NETRAL
984,"Investor Asing Kabur Rp14,46 Triliun dari Pasar Saham RI, Kapan Balik?",NETRAL
985,BRI Telah Salurkan KUR Sebesar 62%,POSITIF
986,"Hashim Sebut Prabowo Pantau Ketat Pasar Modal, Beri Peringatan Ini!",NEGATIF
987,Pengguna Layanan e-Banking BRI Melonjak 128%,POSITIF
988,Optimis Hadapi 2023 Dengan Layanan Keuangan BRI Prioritas,POSITIF
989,Cuan Investasi Sukuk Tabungan ST010 Bersama BRI Prioritas,NETRAL
990,"Crazy Rich China Mulai Tinggalkan Singapura, Pindah ke Mana?",POSITIF
991,BRI Ventures Bina 8 Startup Lewat Akselerator Sembrani Wira,POSITIF
992,"Danantara 'Nimbrung' di Pertemuan BEI dan MSCI, Ini Klarifikasi Pandu Sjahrir",NETRAL
993,Kejati Sumut Tangkap Buronan Kasus Korupsi BRI Kabanjahe Rp 10 M,NEGATIF
994,Lantai Tiga Bank BRI di Medan Ludes Terbakar,NEGATIF
995,"Video: Target Tumbuh 50%, Emiten Logistik Ini Incar Angkutan Alkes RI",NETRAL
996,"Ada Banyak UMKM di Pameran BRILianpreneur, Berapa Ya Harga Produknya?",NETRAL
997,Jos! BRI Kembali Raih Pengakuan Global Terkait ESG,POSITIF
998,Polemik FCA Bursa: Antara Perlindungan Investor dan Jebakan 'Saham Tidur',NETRAL
999,Jaksa DSW Diduga Memeras Pegawai BRI,NEGATIF
1000,"Korupsi Rp 624 Juta, Eks Kepala BRI Gunung Tua Dituntut 6,5 Tahun Bui",NEGATIF
1001,Cek Prospek Erajaya (ERAA) di Tahun 2026 Usai Raih Kenaikan Laba di 2025,NETRAL
1002,"Teller BRI Jadi Tersangka Korupsi, Rugikan Negara hingga Rp 9,9 Miliar",NEGATIF
1003,BRI Terbitkan Green Bond Berkelanjutan I Rp 15 Triliun,POSITIF
1004,BRI-Polri Akan Beri Bansos Sebesar Rp 600 ribu Selama 3 Bulan,POSITIF
1005,"Pembantu Nekat Pakai Gaji Beli Saham IPO, Hasilnya di Luar Dugaan",NETRAL
1006,IHSG Sepekan ATH ke 9.075 Didorong Aksi Beli Asing hingga Nilai Transaksi,NETRAL
1007,"Dorong Transaksi, Ini Deretan Promo Livin Mandiri hingga Idulfitri",NEGATIF
1008,Dirut BRI Ikut 'Sumbang' Rokhmin Rp 100 Juta,NEGATIF
1009,Pemegang Saham Zatta (ZATA) Restui Penjualan Aset Demi Kurangi Utang,NETRAL
1010,BRI Imbau Masyarakat Waspada Penipuan Undangan Nikah Digital,NETRAL
1011,"Bogem Wartawan, 2 Satpam BRI Jadi Tersangka",NEGATIF
1012,"Jasa Marga (JSMR) Dapat Berkah Libur Imlek, Simak Rekomendasi Sahamnya",NETRAL
1013,"Harga Minyak Tembus US$100 per Barel, Saham Energi di BEI Berpotensi Diuntungkan",NETRAL
1014,"UNTR dan ASII Akan Buyback Tanpa RUPS, Begini Rekomendasi Sahamnya",NETRAL
1015,Kisah Robohnya Kerajaan Bisnis Salim Usai Berjaya 3 Dekade,NEGATIF
1016,Kejari Periksa Mantan Kacab BRI Pekanbaru,NEGATIF
1017,OJK Targetkan 75% Emiten Penuhi Minimum Free Float 15% pada Tahun Pertama,NETRAL
1018,3 Cara BRI Jaga Pertumbuhan & Genjot Kontribusi ke Kas Negara,POSITIF
1019,Perampok Gondol Brankas Berisi Rp 400 Juta dari BRI di Serdang Bedagai,NEGATIF
1020,Kejari Pekanbaru Rampungkan Berkas Penyidikan Kredit Fiktif BRI Agro,NEGATIF
1021,BRI Ingin Punya ATM dengan Identifikasi Wajah,NETRAL
1022,"Video: Melesat 67%, Laba BRI 2022 Tembus Rp 51,4 Triliun",POSITIF
1023,"IHSG Ditutup Menguat: Saham ANTM, BRMS hingga MDKA ke Zona Hijau",NETRAL
1024,"Bitcoin Hapus Kenaikan Era Trump, Volatilitas Kripto Isyaratkan Ketidakpastian",NETRAL
1025,"Jelang Jatuh Tempo, TAFS Sediakan Dana Pelunasan Obligasi Rp 371,52 Miliar",NETRAL
1026,Kredit dan Pembiayaan BRI Lampaui Rp1.180 T dalam 3 Bulan Pertama 2023,POSITIF
1027,"Kasus Kredit Macet, Eks Karyawan BRI Dituntut 18 Bulan Penjara",NEGATIF
1028,BRI Kucurkan Rp 2 Triliun untuk Proyek LRT,POSITIF
1029,"Selain Menabung Uang Tunai, Ini 5 Cara Orang China Agar Kaya Raya",NEGATIF
1030,Polisi Tembak Mati 2 Perampok Bank BRI di Aceh Timur,NEGATIF
1031,BRI Hadirkan Keseruan Pesta Rakyat Simpedes 2022 di Kota Tasikmalaya,NETRAL
1032,"Daftar 10 Top Losers Sepekan: Ada Saham HILL, SGRO hingga LINK",NETRAL
1033,"AS Harap Perang Iran Selesai dalam Hitungan Pekan, Tanpa Pasukan Darat",NETRAL
1034,"IHSG Mulai Menguat, Bisa Reli Sampai 9.000 Lagi?",NETRAL
1035,"Gandeng DayTrans, BRI Luncurkan BRIZZI Co-Branding Edisi Khusus",POSITIF
1036,"BEI Buka Kembali Perdagangan Saham OASA dan EURO Besok (21/1), Simak Prospeknya",NETRAL
1037,"Pemulihan Pascagempa, BRI Salurkan Sembako-Perbaiki Masjid di Lumajang",POSITIF
1038,BI Dukung Langkah BRI Selesaikan Masalah Uang Nasabah yang Raib,NEGATIF
1039,"Sudah Kedaluwarsa, Kartu Kredit BRI Belum Terkirim",NEGATIF
1040,DEN: Pemilihan Nakhoda OJK & BEI Jadi Penentu Reformasi Pasar Modal,NETRAL
1041,Tanggapan BRI untuk Surat Pembaca Saudara Gunawan,NETRAL
1042,Begini Modus Pelaku Skimming Gasak Uang Nasabah BRI,NEGATIF
1043,Sentul City (BKSL) Buka Suara Terkait Gugatan Hukum Pembatalan Perjanjian Perdamaian,NETRAL
1044,"Menkeu Purbaya Optimistis IHSG Tembus 10.000, Begini Pendapat OJK",NETRAL
1045,"Tanggap Bencana Erupsi Gunung Merapi, BRI Salurkan Bantuan bagi Warga Terdampak",POSITIF
1046,Meet the CEO: Dirut PT Bank Rakyat Indonesia Tbk (BRI) Suprajarto,NETRAL
1047,"Dukung Pemenuhan Tempat Tinggal, BRI Gelar Property Expo 2023",POSITIF
1048,ATM BRI di Indomart Menteng Dibobol Maling,NEGATIF
1049,Nasabah BRI Korban Pembobolan ATM Ceritakan Kronologi Raibnya Uang,NEGATIF
1050,"Transformasi Berkelanjutan Jadi Kunci Laba BRI Tumbuh 106,4%",POSITIF
1051,BRIsat Perluas Layanan Perbankan Nasional,POSITIF
1052,"Pasar Kripto Volatil, Analis Sarankan Masuk Bertahap dan Hindari Masuk Agresif",NETRAL
1053,"Bendum Partainya Jadi Komisaris BRI, Pendiri Hanura: Itu Tidak Sah!",NEGATIF
1054,"Harga Minyak WTI: Naik Tipis di US$ 59,24, Sentimen Iran Reda?",NETRAL
1055,"Penggelapan, Polda Metro Tangkap Pejabat BRI Cabang Sudirman",NEGATIF
1056,Top! Saham BBRI Cetak Rekor Harga Tertinggi Baru di 5.400,POSITIF
1057,IHSG Bisa Tembus 10.000 Tahun Ini? Ini Proyeksi Bankir Asing,NEGATIF
1058,Indeks Bisnis BRI: Ketangguhan Bisnis UMKM Terus Meningkat,POSITIF
1059,"Peduli Masyarakat NTT, BRI Revitalisasi Dermaga dan Sekolah Dasar",POSITIF
1060,"Covid-19 Bukan Halangan, BRI Insurance Transformasi Digital",NETRAL
1061,Perampok Bersenpi di Tangerang Ikat Karyawan BRI dan Ancam Nasabah,NEGATIF
1062,BRI Meneropong Potensi Resesi Indonesia pada 2023 Hanya 2 Persen,NEGATIF
1063,"Pecahan Rupiah Ini Sudah Tidak Berlaku, Cepat Tukar Sebelum Terlambat",NETRAL
1064,"BBCA & BBNI Teratas, Cek Saham Net Sell Terbesar Asing Akhir Pekan Ini, Jumat (23/1)",NETRAL
1065,"Yield SBN Dekati 7%, Peluang Capital Inflow Bergantung Sentimen Ini",NETRAL
1066,"Berdaya Ledak Low Explosive, Bom Milik Perampok BRI Berbentuk Pipa",NEGATIF
1067,"Video: Alat Berat Listrik Incar Bisnis Tambang, Tawarkan Hemat BBM 85%",NEGATIF
1068,"Tebar Dividen Rp 8,63 Triliun, Intip Deretan Capaian BRI",POSITIF
1069,"Rebalancing MSCI Kian Dekat, Cek Deretan Saham Calon Penghuni Baru",NETRAL
1070,"Janji 14 Hari Kerja, Kartu Kredit BRI Tak Kunjung Ditutup",NEGATIF
1071,Nana Sedang Tidur Lelap Saat Perampok BRI Cipulir Beraksi,NEGATIF
1072,"Gencar Ekspansi, Simak Rekomendasi Saham dan Prospek Kinerja Sumber Alfaria (AMRT)",NEGATIF
1073,"Perampok ATM BRI di Bekasi Bawa Kabur Rp 114,1 Juta",NEGATIF
1074,Polda Yogyakarta Tetapkan 2 Pelaku Pembakaran ATM BRI,NEGATIF
1075,"BRI Punya Satelit Sendiri, Apa Tujuannya?",NETRAL
1076,"Orang Terkaya RI Mendadak Jadi Sopir Truk, Warga Kaget Sampai Pingsan",NEGATIF
1077,Leadership Kuat Bawa Dirut BRI Sunarso Menjadi Indonesia Best CEO 2022,POSITIF
1078,Perampok ATM BRI di Bekasi Rusak CCTV Alfamart,NEGATIF
1079,"Real Transfer CIMB Click ke BRI, Dana belum Masuk Rekening Tujuan",NEGATIF
1080,Uang Nyangkut di ATM BRI Belum Dikembalikan,NEGATIF
1081,4 Poin Penting Hasil Konpers Menteri & OJK-BEI Terkait Gonjang-ganjing Pasar Modal,NETRAL
1082,Dirut BRI Janji Selamatkan UMKM dari Dampak Pandemi Covid-19,POSITIF
1083,Permata Bank (BNLI) Optimis Kredit Konsumer Naik 10% Tahun Ini,NEGATIF
1084,Kinerja Positif BRI Tahun 2021 Bukti Kemajuan Bisnis Pasca-Pandemi,POSITIF
1085,BRI Pamerkan Produk UMKM BRILIANPRENEUR di Pameran G20,POSITIF
1086,"Masuk Bursa Calon Dirut BEI, Begini Kata Jeffrey Hendrik",NETRAL
1087,"Open Interest Bitcoin Turun ke Level Terendah sejak 2024, TradFi Meninggalkan BTC?",NETRAL
1088,"Jangan Termakan Paket Transfer BRI Rp 150 Ribu, Ini Hoax!",NETRAL
1089,"Kartu Kredit Terdebet Dua Kali, Kecewa Proses Penyelesaian BRI",NEGATIF
1090,"BRI Kantongi Laba Rp 39,31 Triliun hingga Kuartal III 2022",POSITIF
1091,"IHSG Pekan Depan Berpotensi Konsolidasi, CENT hingga AGII Masuk Radar Analis",NETRAL
1092,Seluruh Direksi BRI Ikut Eksekusi Haknya saat Rights Issue BBRI,NETRAL
1093,BRI dan BKPM Kolaborasi Edukasi NIB-OSS Untuk UMKM,POSITIF
1094,"Harga Emas Berpeluang Tembus Rp 2,7 Juta Pekan Depan, Cermati Pemicunya",NETRAL
1095,"Glencore Divestasi Saham Harita Nickel (NCKL) Senilai Rp276,9 Miliar",NETRAL
1096,Harga Emas Menguat Mendekati US$ 5.100 di Tengah Ketidakpastian Kebijakan AS,NETRAL
1097,"Dana IPO Indokripto (COIN) Masih Utuh, Tunggu Sinyal OJK?",NETRAL
1098,Pemerintah RI Alihkan Saham BMRI dan BBRI kepada INA Senilai Rp 45 Triliun,POSITIF
1099,"PPKM Dicabut, Bos Garuda Indonesia dan BRI Senyum! Kok Bisa?",POSITIF
1100,"Penyesuaian Tarif Tol Bisa Pacu Kinerja Jasa Marga (JSMR), Ini Rekomendasi Sahamnya",NETRAL
1101,"Pegawai di Gedung BRI 2 Demam, Diperiksa Kaitannya dengan Virus Corona",NEGATIF
1102,"Saham-Saham Batubara Melesat Awal 2026, Bagaimana Prospeknya?",NETRAL
1103,"Volatilitas Pasar Saham Tinggi Jelang Pertemuan MSCI, Investor Perlu Waspada",NETRAL
1104,"Menanti Kesepakatan Tarif, Begini Proyeksi Rupiah Senin (19/1)",NETRAL
1105,"70 Saham Digembok BEI Terancam Delisting, Ini Kata Bursa",NETRAL
1106,Bursa CFX Hadirkan Laporan Bulanan Perkembangan Industri Kripto,NETRAL
1107,"Kasus Investasi Emas, Butet Kartaradjasa cs Gugat BRI Syariah Rp 47 M",NEGATIF
1108,"Video: Gak Cuma Rempah, RI Punya Peluang Ekspor Kekayaan Intelektual",NETRAL
1109,Simak Nih! BRI Bocorkan Strategi Hadapi Inflasi,POSITIF
1110,Kejagung Periksa Lagi 4 Tersangka Pembobol Kredit BRI Syariah,NEGATIF
1111,"BRI Tebar Dividen Interim 2022 Rp 57 per Saham, Cek Jadwalnya",NETRAL
1112,"Direksi BRI Borong Saham, Optimis Dongkrak Kinerja Nih?",POSITIF
1113,BRI Kanwil Jakarta II Salurkan Sembako ke Anak Yatim & Lansia di Bogor,POSITIF
1114,"Tanggap Bencana Banjir, BRI Peduli Salurkan Bantuan bagi Warga Terdampak di Beberapa Wilayah Tanah Air",POSITIF
1115,"Saham Big Banks Kompak Melemah Kamis (22/1), BBCA Catat Penurunan Terdalam",NETRAL
1116,Video: Cara Industri Kimia & Plastik Jalankan Praktik Bisnis ESG,NEGATIF
1117,"Kembangkan Pasar Digital, BRI Agro Gaet Platform Investree",POSITIF
1118,"Tambang Emas Martabe Kembali Beroperasi, Cek Prospek United Tractors (UNTR)",NETRAL
1119,"4 Tersangka Diciduk Kasus Goreng Saham SWAT, Ini Namanya-Ada Bos Besar",NETRAL
1120,BRI Siapkan Bank Raya Jadi Bank Digital Sejak 2017,POSITIF
1121,"Kantor BRI di Banjarmasin Terbakar, Karyawan Panik",NEGATIF
1122,Rayakan HUT ke-74 RI makin untung dengan promo Hari Kemerdekaan dari BANK BRI!,POSITIF
1123,Top! BRI Bagi-bagi Saham ke Nasabah Loyal,POSITIF
1124,"Saham Ngebut, Intip Prospek RMK Energy (RMKE)",NETRAL
1125,Bank Global Ramal Arah Pertumbuhan Kredit RI Tahun 2026,NEGATIF
1126,"Sambut Hari Anak Nasional, Bocah Gresik Ini Dapat Penghargaan dari BRI",POSITIF
1127,Dirut BRI Sunarso Dinobatkan Sebagai Tokoh Finansial Indonesia 2020,POSITIF
1128,"RI-China Makin Berani Tinggalkan Dolar AS, Sebulan Tembus US$2,7 M",NEGATIF
1129,"5 Bank Kasih Kredit untuk Proyek Tol Betung-Tempino-Jambi Rp 13,6 T",NETRAL
1130,"BEI Prioritaskan 49 Emiten Penuhi Free Float 15%, Bisa Terserap Pasar?",NETRAL
1131,"BRI Borong 3 Penghargaan, Sunarso CEO Terpopuler di Medsos",POSITIF
1132,"Wall Street Turun Lebih dari 1% Jumat (6/3), Tertekan Perang Iran dan Data Pekerjaan",NETRAL
1133,Simak! Ini Arah Pergerakan Pasar Saham di Tengah Momen Imlek dan Ramadan,NETRAL
1134,BRImo Bantu Misi BUMN Kebut Digitalisasi di Indonesia,POSITIF
1135,"Demi UMKM Naik Kelas, BRI Gelar Pengusaha Muda BRILian 2022",POSITIF
1136,"Asing Net Sell Rp490 Miliar, Konflik Timur Tengah Tekan IHSG",NETRAL
1137,Perampok BRI Syariah Cipulir Masih Buron,NEGATIF
1138,Dua Mantan Account Officer BRI Jadi Terdakwa Kasus Dugaan Korupsi,NEGATIF
1139,"Transaksi Dengan Mobile Banking BRI, Berbagai Hadiah Menarik Menanti",POSITIF
1140,"Momen Hari Ibu, BRI Salurkan Bantuan ke Sekolah Anak Jalanan",POSITIF
1141,Tim Sukses SBY Selidiki Isu Kredit BRI Diputihkan Bila Mega Menang,NEGATIF
1142,Ini Langkah BEI Tingkatkan Transparansi Data Investor Imbas Pengumuman MSCI,NETRAL
1143,BRI Siapkan Rp 3 Triliun untuk Buyback Saham,POSITIF
1144,Berkas Pegawai BRI Terkait Penggelapan Emas Nasabah Dinyatakan Lengkap,NEGATIF
1145,"Konsisten Terapkan Keberlanjutan, Peringkat ESG BRI Naik",POSITIF
1146,Kronologi Perampokan di BRI RS Sardjito,NEGATIF
1147,"BEI Sebut Danantara Mulai Masuk Pasar Modal Tahun 2026, Begini Bocorannya",NETRAL
1148,Kawanan Perampok Boyong ATM BRI di Medan,NEGATIF
1149,"Buron 2 Bulan, Tersangka Kasus Kredit Fiktif BRI Syariah Ditangkap",NEGATIF
1150,BRI Turunkan Target Pertumbuhan Kredit,NEGATIF
1151,"Duit Nasabah Indodax Diduga Hilang Rp600 Juta, Bos OJK Buka Suara",NETRAL
1152,"Pintu Dirantai, Karyawan BRI Kesulitan Akses Gatot Soebroto",NEGATIF
1153,Bill Gates Sebut Masa Depan Dunia Bergantung 3 Hal Ini,NEGATIF
1154,"Eskalasi Timur Tengah Pacu Permintaan Batubara, Simak Rekomendasi Saham Batubara",NETRAL
1155,"Pergerakan Rupiah Dibayangi Sentimen Geopolitik, Cek Proyeksinya untuk Rabu (25/2)",NETRAL
1156,"Kepemimpinan BUMN Lebih Fokus, BRI Tuai Kinerja Positif",POSITIF
1157,Polisi Selidiki Soal Uang Nasabah BRI Rp 87 Juta Lenyap di Rekening,NEGATIF
1158,Video: Jurus Multifinance Selesaikan Masalah Kredit Macet - Penagihan,NETRAL
1159,BRI Salurkan Bantuan ke Beberapa Wilayah Terdampak Banjir,POSITIF
1160,BRI Terus Dukung Industri Kopi Indonesia Go Internasional,POSITIF
1161,"ACES Hingga CLEO Keluar dari Indeks MSCI Februari 2026, Analis: Tekanan Bersifat Sementara",NETRAL
1162,BRI Beri Bantuan Tanggap Bencana buat Warga Terdampak Gempa Malang,POSITIF
1163,Dana Nasabah Terkuras Usai Data Pribadinya Diminta Oknum Pegawai Bank,NEGATIF
1164,Investasi Valas Perlu Pertimbangkan Risiko dan Potensi Keuntungan,NEGATIF
1165,"Renovasi Sekolah di Tapal Batas, BRI Bantu Perbaikan SDN 006 Meral Tanjung Balai Karimun",POSITIF
1166,Jaksa Sita Moge Terkait Kasus Gratifikasi Mantan Direktur di BRI,NEGATIF
1167,"Indeks Bisnis-27 Ditutup Menguat Ditopang Laju ADMR, ANTM, TLKM Cs",NETRAL
1168,Cek Prospek TPIA Usai Danantara & INA Jadi Investor Strategis di Proyek CA-EDC,NETRAL
1169,"Harga Aluminium dan Nikel Naik di Tengah Konflik Timur Tengah, Timah Anjlok",NETRAL
1170,"Garap Ritel & Mikro, Premi Baru BRI Life Naik 42 Persen di Q-III 2022",POSITIF
1171,Menko Airlangga Sebut Demutualisasi Bursa Dilakukan Lewat Private Placement & IPO,NETRAL
1172,OJK: Situasi di Pasar Modal Saat Ini Adalah Akumulasi Masalah Struktural,NETRAL
1173,"BRI Pastikan Nasabah Tak Dirugikan di Kasus Teller Tilap Rp 2,3 M",NEGATIF
1174,"Rupiah Spot Ditutup Menguat 0,24% ke Rp 16.759 per Dolar AS pada Kamis (26/2/2026)",NETRAL
1175,"Rupiah Tertekan ke Rp16.787, Diproyeksi Bergerak Volatil Pekan Depan",NETRAL
1176,Kemenko PMK-YBM BRI Berikan Beasiswa ke 300 Mahasiswa di 17 PTN,POSITIF
1177,BRI Gandeng Pertamina Lubricants Luncurkan Aplikasi POWER,POSITIF
1178,"Rupiah Cetak Rekor Terlemah, Bisakah Instrumen BI SVBI dan SUVBI Jaga Stabilitas?",NETRAL
1179,"BEI Prioritaskan 49 Emiten Big Caps Penuhi Free Float 15%, Ini Emiten yang Potensial",NETRAL
1180,"Ari Kuncoro Mengundurkan Diri sebagai Wakil Komut, Ini Jajaran Komisaris BRI yang Baru",NETRAL
1181,Joey Alexander Tampil Memukau di Konser Persembahan Tabungan BRI Junio,POSITIF
1182,"Krisis Bank AS Ngeri! Tenang, BRI Punya 'Obat Penangkalnya'",POSITIF
1183,"Dekranas, BUMN, dan BRI Dorong UMKM Sertifikasi TKDN",POSITIF
1184,"Pembawa 'Bom' di BRI RS Sardjito Murni Perampokan, Ini Ciri Pelakunya",NEGATIF
1185,"Timtas Tipikor Kaji Korupsi BRI, Jiwasraya & PLN",NEGATIF
1186,"Punya Sederet Keunggulan, Yuk Atur Keuanganmu Bersama BRImo",POSITIF
1187,"Alasan 5 ADK OJK Baru Bukan Periode Interim, Tapi Masa Jabatan Penuh",NETRAL
1188,"Top! BRI Telah Berkontribusi 65,4% Inklusi Keuangan Indonesia",POSITIF
1189,"Anak Orang Penting Hidup Melarat, Ogah Jual Nama Ortu Untuk Sukses",POSITIF
1190,"Anggota TNI Kaya Mendadak, Duit Rp5.000 Berubah Jadi Rp50 Miliar",NETRAL
1191,"Lewat Amal Kopi, BRI Bantu Korban Gempa Lombok dan Donggala",POSITIF
1192,"Video: Investasi BPJamsostek Hadapi Gejolak Pasar, Saham Jadi Pilihan?",NETRAL
1193,Perampok BRI di Tangerang Bawa Kabur Dekoder CCTV,NEGATIF
1194,BRI Perkenalkan BRIBrain “Otak” Dibalik Kecanggihan Teknologi BRI,POSITIF
1195,"115 Nasabah Tertipu, BRI: Ini Murni Kelalaian Konsumen",NEGATIF
1196,Polisi Dalami Kaitan Perampokan Rp 570 Juta di BRI dengan Kegiatan Fa'i,NEGATIF
1197,"IHSG Ditutup Menguat 2,75% Usai Libur Panjang, Saham BBCA, BUMI, hingga ASII Ngegas",NETRAL
1198,BRI Raih Penghargaan Best of the Best dari Forbes Indonesia,POSITIF
1199,"Tak Sengaja, Harta Karun Emas Kerajaan Rp 16 Miliar Ditemukan di RI",POSITIF
1200,"Wall Street Bergerak Campuran, Investor Fokus pada Sektor Kesehatan dan Small-Cap",NETRAL
1201,"Eks Bos Asuransi RI Jadi Buronan, Tinggal di Perumahan Artis Hollywood",POSITIF
1202,BRI Mudahkan Adaptasi Masyarakat Hadapi The New Normal Lewat Digital,POSITIF
1203,OJK Hentikan Kegiatan AMG Pantheon dan Mbastack (MBA),NETRAL
1204,"Kantor BRI Garut Diteror Bom, Tim Gegana Sisir Lokasi",NEGATIF
1205,"Video: Olah Duit THR, Saham Mana Yang Prospek Cuan Sambut Lebaran?",NEGATIF
1206,"Petinggi OJK Ramai-Ramai Mundur, Ini Daftar Namanya!",NETRAL
1207,BRI Bawa UMKM Makanan Minang Mentas di Singapura,POSITIF
1208,Rights Issue BRI Kelebihan Permintaan Jadi Magnet Pasar Modal RI Bergairah,POSITIF
1209,Perampok BRI Tangerang Gunakan 2 Pistol FN dan Senjata Tajam,NEGATIF
1210,Top! BRI Berhasil Salurkan KPR Subsidi ke 118.000 Debitur di 2025,NETRAL
1211,Tips Direktur Utama Abadi Lestari Edwin Pranata Maksimalkan Imbal Hasil Investasi,NETRAL
1212,"IHSG Melemah 1,37% Selama Sepekan, Ini Sentimen Pemberatnya",NETRAL
1213,Polisi Kejar Pelaku Perampokan ATM BRI di Bekasi,NEGATIF
1214,"Akselerasi Industri Otomotif, BRI Biayai IKM Lokal",POSITIF
1215,BRI Akan Serahkan Hasil Lelang Produk Artisan ke Dekranasda Jatim,POSITIF
1216,Mantap! Volume Transaksi BRImo Tembus Rp 2.000 T Lebih,POSITIF
1217,"Jawaban BRI soal Raibnya Uang Nasabah, Diduga Kuat Skimming",NEGATIF
1218,Polisi Ringkus Pembobol ATM BRI Pekanbaru,NEGATIF
1219,Kebakaran Kantor Teras BRI Trenggalek Diduga Akibat Korsleting,NEGATIF
1220,Ini 2 Kunci Pendorong Keberhasilan Transformasi Digital BRI,POSITIF
1221,"IHSG Terancam Tertekan pada Senin (2/3), Imbas Perang AS-Israel dan Iran",NETRAL
1222,Pembobol ATM BRI Senilai Rp 549 Juta Diciduk,NEGATIF
1223,"Kinerja INCO 2025 Moncer, Laba Bersih Melonjak 31,68% di Tengah Tekanan Operasional",NETRAL
1224,"Wacana Pembatasan Minimarket, Begini Rekomendasi Saham Alfamart (AMRT)",NETRAL
1225,Sucor AM Hadirkan Inovasi Mendorong Investasi,NETRAL
1226,"Mantap! BRI Catat Kenaikan Bisnis Nasabah Premium 22,5%",POSITIF
1227,Direktur UNTR Serok Saham Saat Harga Turun,NETRAL
1228,Bukit Uluwatu (BUVA) Pastikan Tak Punya Keterkaitan dengan Tersangka Kasus Minna Padi,POSITIF
1229,BRI Jadi Bank Terbaik di Indonesia Versi The Banker,POSITIF
1230,Digitalisasi BPR Dorong Pertumbuhan & Perluas Dampak ke Daerah,NEGATIF
1231,Empat WNA Terlibat Kasus Pembobolan Uang Nasabah BRI,NEGATIF
1232,"Suruh Istri Gelapkan Uang BRI Rp 2,3 Miliar, Rendy Ikut Masuk Bui",NEGATIF
1233,Pelunasan Dipercepat KPR Sejahtera BRI Syariah Memberatkan Nasabah,NEGATIF
1234,"Wall Street Dibuka Variatif Kamis (29/1), Pasar Cerna Lonjakan Belanja AI Big Tech",NETRAL
1235,4 Terdakwa Korupsi BRI Divonis 6-10 Tahun Penjara,NEGATIF
1236,"SR024 Tawarkan Kupon hingga 5,90%, Seberapa Menarik Prospeknya?",NETRAL
1237,Kawanan Pembobol Mesin ATM BRI di Bogor Ditangkap,NEGATIF
1238,Ini Kata 3 Entrepreneur Muda Pemenang Pengusaha Muda BRILian,NETRAL
1239,Analis Prediksi Harga Emas dan Perak pada Jangka Menengah Akan Bergerak Sideways,NETRAL
1240,"Wall Street Menguat Menjelang Laporan Kinerja Nvidia, Kekhawatiran Tentang AI Mereda",NETRAL
1241,"Periode ""Drawndown"" IHSG dari Peristiwa Dot-com Bust 2000 hingga Perang AS-Iran 2026",NETRAL
1242,"Siapkan Program Cicilan Menarik, BRI Beri Kemudahan Peserta JKN–KIS",POSITIF
1243,"Danantara Alihkan 516 Juta Saham (0,52%) Seri B TLKM ke BP BUMN",NETRAL
1244,"Rayakan HUT ke-127, Kinerja BRI Konsisten Positif",POSITIF
1245,Polisi Duga Mayat yang Tewas di Plafon BRI karena Tersetrum,NEGATIF
1246,Strategi Mengelola THR dengan Bijak dan Berkesadaran Agar Keuangan Tetap Terjaga,NEGATIF
1247,OJK Targetkan Piutang Multifinance Tumbuh 8% Tahun Ini,NETRAL
1248,Techno9 (NINE) Bagikan Perkembangan Terbaru Soal Akuisisi Tambang di Mongolia,NETRAL
1249,Polisi Ciduk Pembobol Brankas Bank BRI di Langkat Sumut,NEGATIF
1250,"Video: IHSG To The Moon, Bos Sekuritas Bongkar Sektor Yang Diuntungkan",NEGATIF
1251,BRInita Ajak Masyarakat Tanam Holtikultura di Lahan Sempit,NETRAL
1252,Pegawai BRI Gelapkan Uang Nasabah Rp560 Juta,NEGATIF
1253,"Pertama di Indonesia, BRI Siap Layani Kebutuhan Perbankan Nasabah Melalui Metaverse",POSITIF
1254,"Ini Daftar 27 Subkelas Baru Investor Pasar Modal: Ada Pinjol, Parpol, hingga Ormas Agama",NETRAL
1255,Kisah Orang Terkaya RI Dimarahi Habis-Habisan oleh Tukang Beras,POSITIF
1256,"Wall Street Jatuh 1% Kamis (12/3), Dipicu Perang Iran dan Kekhawatiran Kredit Swasta",NETRAL
1257,"Politikus PDIP-Hanura Jadi Komisaris BRI, Kemen BUMN: Jangan Batasi Orang Partai",NETRAL
1258,Sinergi Bisnis antara BRI dengan Anak Perusahaannya,NETRAL
1259,"ATM BRI di Indomaret Senen Dibobol, Rp 199 Juta Raib",NEGATIF
1260,"Investigasi Berjalan, BRI Nonaktifkan Pekerja Terduga Pelaku Pelecehan",NEGATIF
1261,"BRI: Transaksi BRImo Melonjak 144,66 Persen Jadi Rp 322,83 Triliun",POSITIF
1262,Tim Gegana Ledakkan Paket Mencurigakan di BRI Tambora,NEGATIF
1263,"Kolaborasi BRI, Kemendari & BNPP Tingkatkan Inklusi Keuangan",POSITIF
1264,OJK Incar 32 Influencer yang Diduga Lakukan Praktek Goreng Saham,NETRAL
1265,Pembobol Bank BRI Senen Dijebloskan ke LP Cipinang,NEGATIF
1266,"Momen Imlek-Ramadan, Begini Prediksi Arah IHSG dan Rekomendasi Saham",NETRAL
1267,Pegawai BRI Diduga Dibunuh di Bekas Bangunan Rumah Makan,NEGATIF
1268,"IHSG Hari Ini (21/1) Ditutup Ambles jadi 9.010, Ada PANI hingga UNTR jadi Pemberat",NETRAL
1269,BRI Bimbing Petani Kopi Perhutanan Sosial Lewat Kelas Online,POSITIF
1270,BRI Digital Sebagai Outlet Digital Terlengkap di Indonesia Dikunjungi oleh Wapres,POSITIF
1271,Kasus Raibnya Dana Nasabah BRI Tak Sistemik,NEGATIF
1272,Pelaku Skimming Nasabah BRI dari Jaringan Internasional,NEGATIF
1273,BRI Mulai Gunakan Mobil Listrik untuk Kendaraan Operasional,NETRAL
1274,"Prabowo Ungkap Soal Strategi 'Indonesia Incorporated', Apa Maksudnya?",NEGATIF
1275,Purbaya Mau Ambil Alih PNM dari Danantara Buat Jadi Penyalur KUR,NETRAL
1276,"Bos Lion Air Ternyata Pernah Hidup Melarat, Awalnya Cuma Calo",NEGATIF
1277,"Boy Thohir hingga Anthoni Salim Masuk Daftar 1%, Analis Sebut Sinyal ‘Planting’",NETRAL
1278,"Danantara Targetkan Laba BUMN Tahun Ini Rp 360 T, 2027 Tembus Rp 400 T",NETRAL
1279,Lonjakan Harga Komoditas Jadi Pemicu Kinerja Emiten Batubara,NETRAL
1280,"IHSG Trading Halt, Rupiah Justru Makin Kuat Lawan Dolar AS",NETRAL
1281,"Lewat BRILian Charity, BRI Ajak Pegawai Bantu Tingkatkan Pendidikan",POSITIF
1282,Harga Minyak Bikin Investor Asing Bawa Kabur Duit dari Pasar Asia,NETRAL
1283,"Dony: Danantara Setara Fortune 500, Target Laba Rp600 T di 2029",NEGATIF
1284,"IHSG Ambruk 4,57%! Simak Rekomendasi Saham ASII, GOTO, TINS untuk Kamis (4/3)",NETRAL
1285,"Booking Hotel Agoda Dianggap Gagal, Rekening BRI Terpotong",NEGATIF
1286,Teroris di Batang Terlibat 2 Perampokan Bank BRI,NEGATIF
1287,"OJK Jatuhkan Denda Rp 5,35 Miliar ke Influencer dan Tiga Pihak Manipulasi Saham",NETRAL
1288,"Tanggap Bencana Banjir Jakarta, Bank BRI Dirikan 4 Posko BRI Peduli",POSITIF
1289,"Benda Mencurigakan di BRI RS Sardjito Bukan Bom, Hanya Mirip",NETRAL
1290,"Investasi Imbal Hasil Kompetitif, bank bjb Tawarkan SBN Ritel SR024",NEGATIF
1291,Peluncuran BRIsat Ditunda akibat Masalah Teknis,NEGATIF
1292,"Puji TNI AD Tangani COVID-19, BRI Bagikan 21.300 Paket Sembako",POSITIF
1293,"Industri Asuransi Jiwa Raup Premi Rp181,27 T di 2025, Turun Tipis 1,8%",NETRAL
1294,BRI Beri Bantuan Renovasi Gedung Sekolah SD di Kalimantan Utara,POSITIF
1295,5.382 BRI Unit Se-Indonesia Bagikan Sejuta Masker ke Pedagang Pasar,POSITIF
1296,"Eksekusi Program ESOP, Tiga Direktur BRI Beli 331.600 Saham BBRI",POSITIF
1297,"Pasca Perampokan di Aceh Timur, BRI Perketat Pengamanan ATM & Bank",NEGATIF
1298,Skandal DSI: 99 dari 100 Proyek yang Dibiayai Diduga Fiktif,NETRAL
1299,"BBCA dan BMRI Teratas, Cermati Saham Net Sell Terbesar Asing Sepekan Terakhir",NETRAL
1300,Mayat Pria Ditemukan di Atas Plafon Bank BRI di Klender,NEGATIF
1301,"Kinerja UNVR Diprediksi Tumbuh Moderat di Tahun 2026, Ini Rekomendasi Sahamnya",NETRAL
1302,"Denny Abdi Jadi Komisaris Utama Hutama Karya, Gantikan Yudo Margono",NETRAL
1303,"Indeks Bisnis-27 Ditutup Turun, Saham Energi Komoditas MEDC, ANTM dan PTBA Kompak Hijau",NETRAL
1304,"Korupsi Rp 624,2 Juta, Eks Kepala BRI Divonis 5 Tahun Penjara",NEGATIF
1305,Pakar: Patroli ATM BRI Jangan Hanya Secara Fisik,NETRAL
1306,"Rekening BRI Diblokir, Investigasi Tak Ada Kejelasan",NEGATIF
1307,Uang di Bank BRI Tangerang yang Dirampok Ternyata Capai Rp 570 Juta,NEGATIF
1308,AgenBRILink Tak Henti Layani Masyarakat Selama Hari Libur,POSITIF
1309,"Ramadan Jadi Harapan Rebound Saham Darya-Varia (DVLA), Cek Rekomendasinya",NETRAL
1310,"RUPST BCA 12 Maret 2026: Bahas Dividen, Buyback Saham hingga Perubahan Direksi",NETRAL
1311,"IHSG Rentan Tertekan pada Senin (9/3), Ini Sejumlah Faktor Pemicunya",NETRAL
1312,ATM Bank BRI Cabang Binjai Dirusak Maling,NEGATIF
1313,Perampok Bersenjata Laras Panjang Satroni BRI di Aceh Selatan,NEGATIF
1314,Simak Rekomendasi ANTM dan PTBA Usai Dapat Proyek Hilirisasi Danantara,NETRAL
1315,"Wall Street Dibuka Melemah, Investor Waspadai Eskalasi Konflik AS–Iran",NETRAL
1316,"Bukalapak (BUKA) Gelar Buyback, Gelontorkan Dana Rp 280 Miliar",NETRAL
1317,Panen Hadiah di Gelaran Pesta Rakyat Simpedes BRI,POSITIF
1318,"BTPN Syariah (BTPS) Cetak Laba Rp1,2 T Tahun 2025, Naik 13%",NETRAL
1319,"Antisipasi Kejahatan Skimming, BRI Percepat Proses Migrasi ke Chip",POSITIF
1320,"Jelang Libur Lebaran, IHSG Berpotensi Volatil di Tengah Sentimen Global",NETRAL
1321,Pengirim SMS Teror Bom ke BRI Bangkalan Divonis 1 Tahun Penjara,NEGATIF
1322,Video: Harga Emas & Perak Ambruk Berjemaah,NETRAL
1323,"Borong 15 Penghargaan, Bos BRI Jadi Most Reputable CEO",POSITIF
1324,Polisi Periksa 8 Saksi Terkait Pembunuhan Karyawati BRI Syariah,NEGATIF
1325,"BBCA Hari Ini Turun 3,75%, Asing Banyak Jualan",NETRAL
1326,"IHSG Ditutup Melemah, Saham BBCA, BUMI hingga AADI ke Zona Merah",NETRAL
1327,Ini Strategi BRI Perkuat Transformasi Digital Empat Tahun Kedepan,POSITIF
1328,"Harga Emas Global Berkilau, Valuasi Saham ANTM Siap Naik Kelas",NETRAL
1329,"Kenaikan Dana Kelolaan Reksadana Didorong Net Subcription Rp 138,69 Triliun",NETRAL
1330,Jasad Karyawati BRI Syariah Ditemukan di Bawah Jembatan,NEGATIF
1331,"Pakai Duit Nasabah untuk Judi Online, Pegawai BRI di Sumbar Ditahan",NEGATIF
1332,"Siap-Siap Unilever (UNVR) Gelar RUPSLB Pekan Ini, Intip Agendanya",NETRAL
1333,"Penyaluran KUR Dinilai Lamban, Ini Penjelasan BRI",NEGATIF
1334,"Rumah BUMN Tarutung Diresmikan, Kementerian BUMN dan BRI Perkuat UMKM Lokal",POSITIF
1335,"Kantor Kas BRI Yogya Dirampok, Pelaku Ancam Pakai 'Bom'",NEGATIF
1336,"Profitabilitas Terus Meningkat, Kontribusi BRI Semakin Besar",POSITIF
1337,Geng Motor Bunuh Satpam BRI Syariah,NEGATIF
1338,Hasil RUPST BRI Angkat Inspektur Jenderal Kementerian Keuangan Awan Nurmawan Jadi Komisaris,NETRAL
1339,Siap-siap Serbu BRI Zero On 25 di Dinomarket,POSITIF
1340,"Mahendra Siregar dan Inarno Djajadi Mundur, Ini Pernyataan OJK",NETRAL
1341,Office Boy BRI di Medan Tewas Tertembak Polisi,NEGATIF
1342,Karyawati BRI Syariah Diculik dan Dibunuh di Samosir,NEGATIF
1343,"Cakra Buana Resources Energi (CBRE) Incar Dana Jumbo Rp 1,9 Triliun dari Rights Issue",NETRAL
1344,Mirae Sekuritas Buka Suara Usai Kantornya Digeledah Bareskrim-OJK,NETRAL
1345,"Arah Harga Bitcoin Selanjutnya, Analis Beberkan Proyeksinya",NETRAL
1346,Belum Menerima Nomor PIN Kartu Kredit BRI,NEGATIF
1347,"BRI Nyaris Dirampok, Pelakunya Bawa Bom Minta Rp 50 Juta",NEGATIF
1348,"Free Float Naik 15,91%, Saham PANI Berpeluang Masuk MSCI?",NETRAL
1349,Pesan Purbaya Buat Thomas Djiwandono Usai Dilantik jadi DG BI Baru,NEGATIF
1350,Bos Danantara Yakin IHSG Bakal Pulih Cepat,NETRAL
1351,Mantap! BRI Bantu Promosikan UMKM Di Rumah BUMN Tarutung,POSITIF
1352,BRI Salurkan Bantuan ke Korban Erupsi Gunung Merapi,POSITIF
1353,Saham Diamond Citra (DADA) Anjlok Usai Pengendali Jual Ratusan Juta Saham,NETRAL
1354,Mirae Asset Dorong Literasi Investasi di Bali,NETRAL
1355,"Ada Potensi Harga Mobil di RI Akan Naik, Tanda-tandanya Sudah Terlihat",NETRAL
1356,"Di Depan Prabowo, Menko Airlangga Bilang IHSG Sudah Rebound",NETRAL
1357,"Pasar Jam Tangan Mewah Seken Tetap Ramai, Model Sporty Jadi Primadona",POSITIF
1358,BRI Targetkan 1 Juta Nasabah Baru Lewat Program BritAma FSTVL,POSITIF
1359,"Nelayan Mancing di Laut Jawa, Kaget Dapat Harta Karun Rp720 Miliar",POSITIF
1360,Top! BRI Borong 8 Penghargaan di Ajang Internasional,POSITIF
1361,"Sokong UMKM Naik Kelas, BRI Diganjar Penghargaan",POSITIF
1362,Bank BRI Raih 2 Penghargaan Internasional Triple A Country Awards,POSITIF
1363,Upaya Pembobolan Mesin ATM BRI Digagalkan Polisi,NEGATIF
1364,"BRI Luncurkan ""Dagang Untung Belanja Untung BRI"" Guna Percepat Pertumbuhan Dana Murah dan Kredit Ritel",POSITIF
1365,"Peringati Hari Kartini, BRI Group Apresiasi 7 Ribu Perempuan Lewat Woman 2022",POSITIF
1366,"Bikin Putar Balik di Depan BRI, Rekayasa Lalu Lintas di Frontage Road Ahmad Yani",NETRAL
1367,Kampanye Ultra Mikro BRI Jadi Program Public Relation Terbaik di ASEAN,POSITIF
1368,"Setor Tunai BRI Bermasalah, Refund Kurang Rp 2 Juta",NEGATIF
1369,Lo Kheng Hong Lanjut Borong ABM Investama (ABMM),NETRAL
1370,"Trump Serang JPMorgan Chase, Dunia Perbankan AS Siaga Satu",POSITIF
1371,Api Lumat Kantor BRI di Kendal,NEGATIF
1372,Dana Right Issue BRI untuk Modal Kerja dan Pembentukan Holding UMi,NETRAL
1373,IHSG Hari Ini Ditutup Menguat ke 8.329 usai Dirut BEI Mundur,NETRAL
1374,Komplotan Perampok Bersenpi Gasak Rp 178 Juta dari BRI di Banyumas,NEGATIF
1375,"Transformasi Digital BRI Berbuah Manis, 98,41 Persen Nasabah BRI Gunakan Platform Digital",POSITIF
1376,BRI Bertanggung Jawab Penuh Atas Uang Nasabah Korban Skimming,NEGATIF
1377,"Terbitlah Hyrox! Fenomena Baru Beromzet Triliunan, Sumber Cuan Baru",NEGATIF
1378,"IHSG Ambruk 2,08%, Cermati Saham Net Sell Terbesar Asing di Akhir Pekan Ini",NETRAL
1379,Kiprah BRI Hidupkan Perekonomian di Daerah Terdepan Indonesia,POSITIF
1380,"Politikus PDIP dan Hanura Jadi Komisaris BRI, PKS: Kesannya Bagi-bagi Jabatan",NEGATIF
1381,OJK Bakal Rilis Daftar Saham Konsentrasi Tinggi demi Transparansi Afiliasi,NETRAL
1382,Tragis! Pria Ini Temukan Harta Karun Rp36 T tapi Tetap Hidup Melarat,POSITIF
1383,"Kode Keras BRI, Royal Bagi Dividen Jumbo hingga 2027",POSITIF
1384,Rosan Ungkap Proyek Hilirisasi Fase 2 Danantara Maret-April 2026,NEGATIF
1385,"Dorong Geliat UMKM, BRI Gelar Bazaar Klaster Mantriku",POSITIF
1386,"Jaga Fundamental Kinerja, Bos BRI Dapat Penghargaan Ini",POSITIF
1387,2 Perampok BRI Syariah Dibekuk,NEGATIF
1388,Top! BRI Raih Best Bank Awards Global Finance 2023,POSITIF
1389,"Ditodong Pistol di Teras BRI Pasar Jetis Rp 10,8 Juta Melayang",NEGATIF
1390,BRI Kembalikan Fungsi Sungai Lewat Konsep “Sampah Jadi Uang”,POSITIF
1391,Dua Perampok Berpistol Sandera Karyawan BRI Lampung,NEGATIF
1392,Kronologi Perampokan di Aceh Timur Versi BRI,NEGATIF
1393,"BEI Ungkap Pipeline IPO 2026, 5 Perusahaan Raksasa Ikut Antre",NETRAL
1394,Pinang Flexi Bank Raya Beri Solusi Keuangan Praktis Pasca Idulfitri,NEGATIF
1395,BRI Salurkan Bantuan Sosial Tunai Rp 316 Miliar Bagi 528 Ribu KPM,POSITIF
1396,Prospek Sektor Bisnis yang Berpotensi Cuan pada Tahun Kuda Api 2026,NEGATIF
1397,"Mobil Pengangkut Uang Terbalik, BRI Pastikan Tak Ada Kerugian Finansial",NEGATIF
1398,"Bocah SMP Ketahuan Bobol ATM BRI, Lihat Nih Aksinya",NEGATIF
1399,"Rasio NPL BRI Terkendali di 3,26%, Siapkan 2,7x Cadangan",POSITIF
1400,"Bantu Korban Banjir Kalsel, BRI Dirikan Posko & Donasi Rp 125 Juta",POSITIF
1401,BRI Private Signature Outlet Diluncurkan,NETRAL
1402,"KK BRI Belum Diterima, Sudah Mendapat Lembar Penagihan",NEGATIF
1403,Top! Astra Masuk Jajaran 500 Perusahaan Terbaik Asia Pasifik,NEGATIF
1404,"Harga Bitcoin Mulai Rebound, Tapi Sentimen Negatif Masih Besar",NETRAL
1405,Eks Kepala Capem BRI Dicecar Soal Riefan Tarik Duit Proyek Videotron,NEGATIF
1406,Dirut BRI Raih Penghargaan CEO se-Asia,POSITIF
1407,Purbaya Bakal Datangi Perusahaan China yang Ngemplang Pajak Minggu Ini,POSITIF
1408,"OPINI: THR Besar, Bursa Menipis: Membaca IHSG Menjelang Idul Fitri 1447 H",NEGATIF
1409,Polisi Periksa 8 Saksi Kasus Hilangnya Uang Nasabah BRI Kediri,NEGATIF
1410,"Mobil Teras BRI Dirampok di Simalungun, Rp 430 Juta Lenyap",NEGATIF
1411,Nasabah BRI di Mataram Adukan Pembobolan Rekening,NEGATIF
1412,"Proaktif Dorong Inklusi Keuangan, BRI Masuk Daftar 30 Terbaik",POSITIF
1413,"Penawaran Green Bond BRI Alami Kelebihan Permintaan 4,4 Kali",POSITIF
1414,"Wall Street Ditutup Melemah, Harga Minyak Bergejolak Imbas Perang AS–Iran.",NETRAL
1415,Lumayan Nih! Aplikasi BRIMO Berikan BRI Tambahan Rp 724 M,POSITIF
1416,"Okupansi Hotel Naik Saat Lebaran Tapi Sahamnya Lesu, Kenapa?",NEGATIF
1417,"Terseret Isu Saham Gorengan, PIPA Mau Ganti Nama dan Logo",NETRAL
1418,BRI Raih Juara 1 & Favorit Lomba Balas Pantun Tingkat Nasional,POSITIF
1419,"Sengit, Kapitalisasi Pasar BRI Kembali Salip Bayan Resources",POSITIF
1420,Pencuri ATM BRI di Gunung Putri Diduga Lebih dari 2 Orang,NEGATIF
1421,Pembakar ATM BRI Yogya Dari kelompok Narco-Punk & Anti Kapitalis,NEGATIF
1422,"Trafik Data Diproyeksi Meningkat, Simak Rekomendasi Saham Sektor Telekomunikasi",NETRAL
1423,"Prajogo Borong 1,33 Juta Saham Barito Renewables, Harga BREN Terbang 4,62%",NETRAL
1424,"Harga Komoditas Menanjak, Kinerja Emiten Batubara Berpotensi Meningkat",NETRAL
1425,"Dirut BRI: Alhamdulillah Untung dan Slamet, Laba Rp 51,4 T Pada 2022",POSITIF
1426,"Belajar dari Warga AS, Tabungan Jadi Penyesalan Finansial Terbesar",POSITIF
1427,Video: Implementasi Nyata BRI Terapkan Prinsip ESG,NETRAL
1428,ATM BRI di Pangkalpinang Dibobol Pencuri,NEGATIF
1429,Impresif! Ini Sederet Capaian & Kontribusi BRI untuk Negeri di 2025,NEGATIF
1430,"Kasus IPO REAL-PIPA, OJK Ungkap Alasan Sanksi UOB Sekuritas hingga Auditor Agung Dwi",NETRAL
1431,Outstanding Pembiayaan Haji Khusus Bank Mega Syariah Melesat 180%,NEGATIF
1432,3 Tahun Kartu Kredit Pengganti BRI tidak Dikirimkan,NEGATIF
1433,Daftar Konglomerat Pemilik Mal Terbesar di Jakarta,NEGATIF
1434,"BRI Integrasikan 23,5 Juta Nasabah Lewat Holding UMi",NETRAL
1435,In Journey: Industri Penerbangan RI Terdampak Eskalasi Timur Tengah,NEGATIF
1436,"BRILink Sumbang Dana Murah BRI Sentuh Rp 18,9 Triliun",NETRAL
1437,BRI-BTN Restrukturisasi Kredit Hingga Rp244 Triliun,NETRAL
1438,BRI Serahkan Proses Penyelidikan ke Polisi,NEGATIF
1439,"Maling Jebol Tembok Ruko, Gasak Uang BRI Tambosai Riau",NEGATIF
1440,"Terungkap, Ini 2 Teman Yang Bikin BRI Untung Gede Tahun Lalu",POSITIF
1441,Emiten Boy Thohir ADMR & AADI Masuk Daftar Saham Tercuan saat IHSG Boncos 3%,NETRAL
1442,"IHSG Ambruk 4,88% ke 7.922, Cermati Saham Net Sell Terbesar Asing di Awal Pekan",NETRAL
1443,Bantuan BRI Group Terus Berlanjut Untuk Korban Bencana Alam,POSITIF
1444,"IHSG Dibuka Turun 1,59% ke 6.984, Saham Big Caps BBCA, BREN dan BBRI Cs Ambrol",NETRAL
1445,"Belajar Dari Singapura Hingga Hong Kong, Danantara Dorong Demutualisasi BEI",NETRAL
1446,"IHSG Berpeluang Menguat Terbatas pada Senin (19/1), Ini Rekomendasi Analis",NETRAL
1447,"Sah! Panen Hadiah Simpedes BRI Dimulai dari Purwodadi, Tebar 77 Item",POSITIF
1448,Polisi Kejar Pelaku Perampok BRI Syariah,NEGATIF
1449,Segini Tabungan Ideal Usia 50 Tahun Menurut Pakar Keuangan,NETRAL
1450,BRI Corporate University Raih Akreditasi Global,POSITIF
1451,"Prabowo Mau RoA Tembus 5%: Pimpinan Danantara, Sasaranmu Masih Jauh!",POSITIF
1452,7 Cara Trading Saham Amerika Secara Legal di Indonesia,NEGATIF
1453,Menilik Dampak Perilisan Shareholders Concentration List ke Pasar Saham,NETRAL
1454,BRI Gelar Promo Menarik di BRIindocomtech 2017,POSITIF
1455,"Sentimen Sell America Tekan Indeks Dolar, Penguatan Valas Asia Masih Terbatas",NETRAL
1456,"Saat Dolar Perkasa, Analis Soroti Alternatif Valas untuk Investasi",NETRAL
1457,PIK Dua (PANI) Tambah Modal ke Tiga Anak Usaha dengan Total Nilai Rp 700 Miliar,NETRAL
1458,BRI akan Resmikan Kantor Terapung di Kepulauan Seribu,NETRAL
1459,PADI Buka Suara Soal Minna Padi Diselidiki Bareskrim Kasus Pelanggaran Pasar Modal,NETRAL
1460,"IPO Saham Masih Kosong, Emisi Obligasi Sudah Himpun Dana Rp40,51 Triliun",NETRAL
1461,Bos BSI Beberkan Dua Mesin Utama Buat Dorong Pertumbuhan,NEGATIF
1462,Ancang-ancang BEI hingga KSEI Buka Data Kepemilikan Saham di Bawah 5%,NETRAL
1463,Kontrakan Teroris di Ciputat Jadi Base Camp Usai Merampok BRI Tangerang,NEGATIF
1464,"Harga Saham Mentok Rp1, Emiten Ini Mau Private Placement",NETRAL
1465,"IHSG Dibuka Melemah, Saham BMRI, BUMI, hingga PTRO Jatuh ke Zona Merah",NETRAL
1466,BRI Bagikan Sejuta Masker ke Pedagang Pasar Cegah Penularan Covid-19,POSITIF
1467,BRI Cabang Amplas Digasak Perampok Bersenpi,NEGATIF
1468,Ini Sosok Bos OJK Baru yang Diincar DPR saat Fit and Proper Test Besok (11/3),NETRAL
1469,"Rekomendasi Saham dan Pergerakan IHSG Hari Ini Rabu, 4 Februari 2026",NETRAL
1470,Begini Cara BRI Kuatkan UMKM Hingga Kebal Kenaikan Suku Bunga,POSITIF
1471,Gejolak Saham Picu Minat Investasi ke Emas sebagai Aset Lindung Nilai,NETRAL
1472,"115 Nasabah BRI Tertipu Rp 1,4 Miliar",NEGATIF
1473,BRI Targetkan 135 Ribu Agen Laku Pada Tahun Ini,POSITIF
1474,Polda Sumsel Buru Tiga Tersangka Penipuan Nasabah Bank BRI Asal Cimahi,NEGATIF
1475,Sentimen Regulasi dan Aksi Korporasi Dongkrak Saham Emiten Asuransi,NETRAL
1476,Teras BRI Kapal Dorong Peningkatan Ekonomi Kerakyatan di Kepulauan,POSITIF
1477,"Sasar Sektor Pariwisata, BRI dan KAI Bakal Kerja Sama Kembangkan Aplikasi BRImo",POSITIF
1478,Milenial Cari Cuan di Pasar Modal? Simak Tips BRI Prioritas,NETRAL
1479,"Indeks Bursa Wall Street Ditutup Menguat, S&P 500 Cetak All Time High",NETRAL
1480,"Tahun ini, BRI Berencana Caplok Perusahaan Asuransi Kerugian",NETRAL
1481,Harga Minyak Naik pada Kamis (19/3) Pagi Pasca Serangan Fasilitas Energi Timur Tengah,POSITIF
1482,"Indeks Bisnis-27 Ditutup Menghijau Saat IHSG Cetak Rekor, Ditopang Saham BBNI, JPFA, PGEO",NETRAL
1483,BRI Prioritas Mahakarya Borobudur 2018 (2),NETRAL
1484,BRI Bantu Kembangkan Kawasan Pecinan Kya-Kya sebagai Ikon Surabaya,POSITIF
1485,"Perbaki Kinerja, Bank Tabungan Negara (BBTN) Memperkuat Manajemen Risiko",NETRAL
1486,"BRI Bagikan Saham Remunerasi untuk Direksi hingga Komisaris Rp 26,55 Miliar",POSITIF
1487,BANK BRI Beri Harga Istimewa Tiket Garuda Indonesia untuk Mudik,POSITIF
1488,Kisah Kejatuhan Kerajaan Bisnis Salim hingga Kehilangan BCA,NEGATIF
1489,Pascapeluncuran Satelit BRIsat,NETRAL
1490,Pimpinan BRI Cabang Palu Ditembak Orang Tak Dikenal,NEGATIF
1491,BRI Luncurkan Kartu Kredit Wonderful Indonesia,NETRAL
1492,Uang Teroris yang Diduga Hasil Rampokan BRI Tangerang Masih Disegel,NEGATIF
1493,"Simak Saham yang Banyak Diborong Asing Saat IHSG Ambles 3,05%, Jumat (13/3)",NETRAL
1494,"Kinerja Melemah, Begini Prospek Reksadana Saham di Sepanjang Tahun Ini",NETRAL
1495,"Pembiayaan ESG Rp 695 T, BRI Siap Jadi Leading Global Bank",POSITIF
1496,"IHSG Ditutup Rebound ke 7.710 Ditopang Saham BBCA, BBNI, dan BMRI",NETRAL
1497,Terobosan BRI Agar Nasabah Makin Betah Transaksi Digital,POSITIF
1498,Rekomendasi Saham dan Pergerakan IHSG Hari Ini 12 Januari 2026,NETRAL
1499,BRI Serahkan Bantuan Kepada Universitas Surabaya Senilai Rp 500 Juta,POSITIF
1500,Citilink Gandeng BRI untuk Penyediaan Uang Tunai,NETRAL
1501,"Laba Melonjak, Kontribusi BRI ke Negara Bakal Makin Besar Nih",POSITIF
1502,Karyawati BRI Syariah di Medan Diduga Tewas Dibunuh Sejak 3 Hari Lalu,NEGATIF
1503,IHSG Ditutup Menguat Hari Ini (7/1) Usai Cetak Rekor ATH saat Intraday,NETRAL
1504,5 Perampok Bank BRI di Tangerang Tutupi Wajah dengan Helm,NEGATIF
1505,Dirut BRI: Pengucuran Kredit Seret karena Daya Beli Masih Rendah,NEGATIF
1506,Mantap! KUR BRI Bisa Serap 32 Juta Tenaga Kerja,POSITIF
1507,Cerita Korban di Dalam Lift yang Jatuh di Gedung BRI II,NEGATIF
1508,"Video: Dapat 6 Smelter Sitaan Dari Prabowo, Ini Rencana PT Timah",NETRAL
1509,"Bank BRI di Pekanbaru Dirampok, Rp 97 Juta Digasak",NEGATIF
1510,Suami Pegawai BRI yang Jatuh dari Lantai 10 Apartemen Masih Shock,NEGATIF
1511,"Bobol Kas BRI Rp 13 Miliar, Praka Harmanto Dihukum 3 Tahun Penjara",NEGATIF
1512,Besaran Dana Pendidikan Anak-Aturan Menyiapkan Menurut Pakar Keuangan,NEGATIF
1513,"BRI Gandeng Google Cloud, Makin Canggih Berdayakan UMKM",POSITIF
1514,BRI Capai Komitmen Pinjaman Luar Negeri USD 1 Miliar,POSITIF
1515,BRI Kantongi Penghargaan Dealer Utama Terbaik Selama 5 Tahun,POSITIF
1516,"IHSG Diproyeksikan Melanjutkan Penguatan Kamis (12/2), Cek Kata Analis",NETRAL
1517,"Tak Hanya Relaksasi, BRI Siapkan Program Bantu UMKM Terdampak Covid-19",POSITIF
1518,"OJK Jatuhkan Denda Miliaran atas Manipulasi Saham, dari Korporasi hingga Influencer",NETRAL
1519,"Laba Bersih BRI Meroket 27,37 Persen di Kuartal I 2023 Tembus Rp15,56 Triliun",POSITIF
1520,Ketidakpastian Geopolitik Bikin Investor Alihkan Dana THR ke Instrumen Aman,NETRAL
1521,"Ketidakpastian Global, Investor Disarankan Investasi Ini",NETRAL
1522,"Bos BGN Pastikan Anggaran MBG Tidak Dipangkas, Tetap Rp335 T",NEGATIF
1523,"3 Nasabah BRI Juga Dibobol Rp 48,5 Juta Lewat ATM",NEGATIF
1524,"Ini Pengusaha Muslim Terkaya di Dunia, Ada Pemilik Klub Sepak Bola",NEGATIF
1525,"Metamorfosis Warung Kelontong Jakarta, Tak Lagi Jadul Berkat Ekosistem Digital BRI",POSITIF
1526,"Multi Bintang (MLBI) Berencana Akusisi 99,9% Saham PT Karya Distilindo Sejahtera",NETRAL
